"sha256"," sha1"," md5"," dex_date"," apk_size"," pkg_name"," vercode"," vt_detection"," vt_scan_date"," dex_size"," added"," markets"
"02BF9D015C06A35FB8C33C893713536A1266BD96A5E17FA645E3174866A81AC6","6B86DFA325E51B3A8CAAABC50F5A0A1196620A83","6DF761719CDF9CE5E259C26B4B82F197","1980-01-01 00:00:00","26789976","com.ofss.afgbank","10005","0","2022-01-23 11:05:51","5737176","2021-12-24 12:57:37.103469","play.google.com'"
"5B524DFEDD6E430ED1E3493F43A3B2352C4A2CF2E4AF904A3A12BECE6D0854BB","F533E53037E45EFD38786CB314D92F8CF9748BBF","BA062E6B412373732176B859229691F7","1980-01-01 00:00:00","29901341","com.ofss.afgbank","10003","0","2021-10-14 07:25:38","5499928","2021-09-14 02:58:28.270328","play.google.com'"
"F065A8A59A25047EE577D75C02AD8C8E8CE88685B2CB20600B57B67E5BA41455","540F72962186C6A63D6B7DBBB0E03F8019041CC7","C9D593D22DA28572E109E2C3A473C962","1980-01-01 00:00:00","29905437","com.ofss.afgbank","10001","0","2021-05-18 07:20:31","5499928","2021-04-18 12:03:10.166728","play.google.com'"
"1C829A1F0D36B67FE05A719DB0F8036CADCFE28266CB31A17DC2A11039CCD112","F6C908640F6E4EF49A5F3F4260ED96AC935797B9","A027000F639E8578CB6153D0ABAE38FE","1981-01-01 01:01:02","10316807","com.alizzawallet","7","0","2021-10-26 09:40:14","8628032","2021-09-26 20:54:20.29941","play.google.com'"
"6673E13D5587A7EB390395F2AFBD0E99D44F314938BF70C05724014A3E67BF85","55377EE3934E8ECA1EBD57841564F49932147B3D","62B60C470DF8D0A964B290EBE772E42D","1981-01-01 01:01:02","10493190","com.alizzawallet","29","0","2022-05-30 05:58:44","8654168","2022-04-30 05:29:05.732514","play.google.com'"
"A62E9FF9053A464FB4876AD7140EDD9C99E5263330E6C2737BE75362C90E55E4","B2F949CD29863BA2AAE2D3036BC21241EF082B0E","7B5B0D5DFFBD58C5EC18D829FB2F62DC","1981-01-01 01:01:02","10316879","com.alizzawallet","15","0","2022-03-21 07:35:54","8652720","2022-02-19 07:46:07.468958","play.google.com'"
"AADE1A71AAA68469952127005BC370C581571BD7EFE84EE75C4DB2AC213DC526","A4765E9FBF18B87A9544B162E934480F71AEFCE2","908C47B26D8507034561F2FD861C3F41","1981-01-01 01:01:02","10279943","com.alizzawallet","10","0","2022-01-29 07:57:57","8628032","2021-12-30 01:23:16.530757","play.google.com'"
"659440B717EC6C627F1D3507970E08AE88436F5848CF02390E587917E1DD9433","7C4F7492216D9EF65C730E19565C58C55C7AA3B8","EAE34B5403FAEB883B1F501D6E6EFA87","1980-01-01 00:00:00","6054814","com.tout4web.components","240","0","2020-08-02 11:34:16","6754520","2020-06-25 08:40:22.330117","play.google.com'"
"1E3F80E07FF3C35FABE1E87CD7D42B864F95DBAF99D43428778CF38423268570","182D13D092C3087B0CA5770CDCF4496E46A1DC8C","ADB98FC5853001CFB2A76C7E73E19473","1980-01-01 00:00:00","5053096","com.tout4web.marchant","140","0","2020-08-02 11:33:22","6752988","2020-06-25 08:46:31.344851","play.google.com'"
"7429FF1DAF00BB8809C1F494357BCA4FC80C404BFC237F53905EA35D028AC119","AB210472132FCAAE1876D0E3B023710271ADE957","B54AE0B5776409DECFA1BD84DD57B102","1981-01-01 01:01:02","10520580","net.banqueatlantique.mbanking","58","0","2022-01-23 11:29:04","5421452","2021-12-24 16:22:53.3928","play.google.com'"
"80165FF63C63D7EBE0531FB4EB3A6CB52DAF469ABAF45470620CE4D09C32ABAD","651B7B536B632A130362DFC8C858030FAFD365F5","FB6542C16E605A210FC1605F4BB7A62A","1980-01-01 00:00:00","47067294","net.banqueatlantique.mbanking","37","0","2020-11-24 07:11:09","4415300","2020-11-08 13:05:05.614219","play.google.com'"
"9FD863113685EEF695822C9FDB46B574234C65D3664FB87500F500C9CA8E8A6F","033E6FA67B0E83AF9F70AE06EA1F6C372430A1AB","B610313AD22FEBCFCA303B05D2AA43A3","1980-01-01 00:00:00","17494425","net.banqueatlantique.mbanking","6","0","2019-03-08 17:08:12","3656868","2019-01-19 10:43:52.223322","play.google.com'"
"F4D1C7DBE80C1AE51B29CF8D780EABADD1BD072BB721255FDB1C7E7FBDF4F0C6","237DEAE8B4E4A76F83B094307AA6E9ED0A574C9F","6FCEDCF98892E75D410D302E4A59398C","1980-01-01 00:00:00","5444923","net.banqueatlantique.mbanking","27","0","2019-12-12 19:27:51","4259812","2019-12-16 06:48:17.842531","play.google.com'"
"73B736A3B246E6B81F3D89EDBF015FCC9589CC66CE6339E9E837A849447EECFB","ABF8BF596A2D096EC72CFDDBFC7D9B0E3CBEB9C0","622CD5C2891D57D99EC30C399DE9FD97","1980-01-01 00:00:00","60442388","com.mediasoft.bagri","1","0","2022-01-10 11:23:05","10700592","2020-06-08 14:47:52.862601","play.google.com'"
"3D1B1B3671DFA673AA7656ABF93C42C65742DBD7CB07A3BA9631084215F74C41","7B49F1329DEBADB9A585689D4A9565FE095B6AF4","5D2D61B1A39FE7EC6FD141C5415C40EB","1980-01-01 00:00:00","5911918","gw.bao.mobile","81","0","2021-04-03 12:55:57","5555848","2021-03-04 21:54:22.020857","play.google.com'"
"E5BD78C7E974AB77CE8BEBDA9C7AB7521C875518A6F16002B064668A93ABBDAE","759E16C18314E313B063F200A46E00F49FE73518","5AA8AC510B878CAC9078F828BD09EB98","1980-01-01 00:00:00","5911918","gw.bao.mobile","92","0","2021-05-09 07:00:45","5556368","2021-04-09 04:32:01.123174","play.google.com'"
"A47971FCCE61714FD218DE3374F28F80B9F3851E84A9F8F2CB95A4721C9EE0F2","09CBEF228FB21BA37F0954DDF6831EA6059F966B","46A295D5BF5F7F0B5B4011ED94C82522","1981-01-01 01:01:02","12042674","com.mediasoft.bdmsenegal","3","0","2022-11-01 08:23:37","11269908","2022-10-01 02:17:08.253586","play.google.com'"
"623BFADA31E98130D3FB39DB7EE1CB62F0CF3744B58C4E1DAA084923382CA005","E60FBFFA3F94728741377682E46236944DB5D9D8","56693568E8F11D447721DB0D70C816DC","1980-01-01 00:00:00","15582899","com.mediasoft.bdm","9","0","2018-09-26 08:21:37","8237968","2018-08-15 03:59:39.890118","play.google.com'"
"9996ADBACBAC9CB465538DB341C2BB01D1F2E439987F68B387AD8A647E85D043","9D0CC666AF27F213E6397924C98791B6E8D3DC0E","A4649C54689259A6FB7698AF18659093","1980-01-01 00:00:00","74282764","com.mediasoft.bdm","19","0","2022-02-17 08:00:02","10717384","2021-09-02 13:51:32.854073","play.google.com'"
"B5289253D93C8862220E56F3A56CC24D75B270BB32F084F9ED5382210A5FD372","0F321E874404F4BED0663783C0C6531C1EE485C2","13C8CFCCFB706CFB26F3FEFBFC03CAEE","1980-01-01 00:00:00","15633162","com.mediasoft.bdm","10","0","2019-03-13 12:24:02","8243764","2019-02-01 06:12:52.656693","play.google.com'"
"F10FFEEACE95672BE839FAAF8C0E8590534BC7C91767750397C26E1BAEE51616","429C18C2F33360A5DC2381C94A3B9717093FC6E0","B036EFD1325827645F3E97B87A2681A3","1980-01-01 00:00:00","43450944","com.mediasoft.bdm","14","0","2021-12-24 18:14:25","9638244","2019-08-05 10:55:11.285081","play.google.com'"
"7C611ADB9FBA6B2EADEBBFBC9A5794297CA1318F6177A0A2A096ED92F4B9B069","B5CC105A3EFA084E3BA979199BC14373AABB65DF","C28A1C8B038D4487AB6CD86987949D03","1980-01-01 00:00:00","686425","com.bduci.mobile","10000","0","2022-07-15 07:02:37","145276","2022-06-15 10:12:12.002971","play.google.com'"
"41086BA5639ABC247A7F0B5E320B2942E73BC4E973C84E8950AB0F594B3AC5CB","2854E09A2E715B4E840061A502803ABD9F35B83F","240792079124F60F994EA52619338B01","1980-01-01 00:00:00","7719250","com.bfi.digital.prod","10","0","2020-06-17 13:33:22","7701688","2020-05-18 08:47:58.190552","play.google.com'"
"2E300F70EE09D7D6FE99F62C13E8A3E6303A69DA51D9756B1CFDE8414E9507DC","F71E97694F4CB28B8525F8D2D434F8682C683EAD","E15259A8743B12B76472E419BC8A3D7B","1980-01-01 00:00:00","77505377","com.mediasoft.bhci","14","0","2022-02-16 10:53:49","7857424","2021-09-29 06:58:33.477326","play.google.com'"
"5CEBDBC867A7A764FFFCE146041805E570A7BCF811CBD4CDC3BDB0FEF0EEC5E5","7C2C1D45B656CA4CEF160C5AFB7A4DCA71EA5E1B","1B30F03D1C3DB7065B1F2F4992BE30BD","1980-01-01 00:00:00","18120951","com.mediasoft.bhci","7","0","2019-06-27 19:50:13","9803852","2019-05-27 11:26:03.087066","play.google.com'"
"A5C1177C6CA66E3979B457F2E900D023E64BE29D9357AEA7B1EEA26727D932C8","CE55098D731A80AF5713B5C2361C73672E935A25","5B752EEC6CC0B663E2D1F29B23FDDD4B","1980-01-01 00:00:00","18141437","com.mediasoft.bhci","8","0","2019-09-12 02:10:41","9799460","2019-08-11 20:18:04.085092","play.google.com'"
"9EC054B3CD192DA584572D1294613C6C77BD23D1646CEB542A5086C8F324ACD1","FF7F7E4C9710EEABD8352E75F5F967472CBB2A5C","24C08F2BACDFFB7813F8AEF0ACAC1FC8","1981-01-01 01:01:02","7141709","com.bhn.digital.niger","2","0","2022-09-27 18:12:27","7944540","2022-07-23 16:33:25.712844","play.google.com'"
"9D9A6D6F7B58BA12388D6E88ED8D4B60193A5B194B9199DC10A8CF6798919C27","CF8FBDCB8BD7E2A554E0F3E5783BD0A40E93A406","1A8267D71AC483E206AE8FE2037C10CD","1980-01-01 00:00:00","2164641","com.adria.biat.entreprises","1","0","2018-09-05 20:20:44","2010208","2018-09-09 16:24:08.529629","play.google.com'"
"C2C55B5764EE02AB37281DF4106054015A10EF5E889B03691325D5F706C9F9A0","9AD89FA83D54654C8E8EF74B2421887F3AD3C589","C156790AEA7E13DFE68DCC81DCEE0DFD","1981-01-01 01:01:02","10434564","net.bianiger.mbanking","1","0","2022-09-27 09:33:31","5420464","2022-07-21 05:16:23.44136","play.google.com'"
"95D70C65269E0250AE691FD3A78CBBC3857035822205C39A7B32B3F59EE814B1","90604400B3467D6520ACC7529FCBA8C87A49DC46","43FEE9558CFBDE3DD17D812843E4FAA1","2015-12-10 14:28:14","2035348","com.dsira.biciab","1","0","2016-04-11 16:44:03","3397896","2016-04-24 04:52:08.739483","play.google.com'"
"73922BE1A02D950D72936D07FB0D09F3FFFFB4B76D219019CE2E5A0762CBB2A2","C8EDCB18966F44668DC25D83749513B38A6F7321","690DC6AA7C664D0400D4E9DF777E7D1C","2015-12-14 08:51:14","1901265","com.dsira.bicis","1","0","2016-03-28 22:42:30","3397840","2016-03-28 16:27:59.060836","play.google.com'"
"03179908FDEA24A6099346BFD46E1BCB37AE17844F872119B35E82E811015ED0","F2AECD7C4ED153A3DA18DEDAEE006B82755440DC","7B46D801361E09F9855E864171E8A3E2","1980-01-01 00:00:00","57311035","com.mediasoft.bmskibaru","27","0","2022-01-14 17:14:43","9962692","2020-07-21 11:51:01.694663","play.google.com'"
"35174EF30E032A1DD1C77DDF62438602F3A7ED766E1274A9533E9B15869C9B9D","552D5537F818446DA0898A471D401329521F27E4","6DA6CE3DFDEEACEE5EABE7563D4772AC","1980-01-01 00:00:00","55412113","com.mediasoft.bmskibaru","24","0","2022-01-03 13:25:33","7792332","2020-04-11 11:26:57.348547","play.google.com'"
"403A2948FF745FE41696047E88DA884A1CA0751522FB28026FA0BCA023FF4FC3","823C8106632E37BC32ED728C6F37860A24B15D90","2064D73AF964EB54C2D99372DF69E8F4","1980-01-01 00:00:00","16289958","com.mediasoft.bmskibaru","22","0","2019-04-15 02:34:34","8605220","2019-03-14 04:05:24.21417","play.google.com'"
"C0CC13EA56C7F9215590DE32C6B93E38E50D2AAC3F5B68A80C1A953FB7FD9B75","574D6FD23CAD126A093CE27919A11695A1661A10","35AE45E302DCE597788675BA8A28BFD6","1980-01-01 00:00:00","17137858","com.mediasoft.bmskibaru","20","0","2018-11-16 18:10:51","10080808","2018-10-15 06:12:11.126306","play.google.com'"
"B3F928E3FDFABA61F8179641D9A46D32CBB90DBF454CC57CE37DB808B3BCED5D","F0871E676A9F3D32DCB441E41A263EEEB33EE735","9FD635DB8FD164430E3CDF8034B343B6","2017-06-13 11:18:30","2505014","com.mediasoft.bnigeotracker","2","0","2017-12-28 00:21:57","3092928","2018-08-11 00:07:54.103352","play.google.com'"
"8777408D1EDEF2D14B74125418F56C3640177BCAFF418F6948CC5BD10B08802A","BC296B27F7D35548B447926D91EFE51B29328A9F","B9C141ADC9569F3E068A14D6B5C3C50E","1980-01-01 00:00:00","62968227","com.mediasoft.bni","76","0","2022-01-19 12:48:27","10185852","2020-09-07 05:40:56.214434","play.google.com'"
"C84A0B97E1DBB6912C1C1AF79E5FDFF1CD170BCA5B58479500A1F2EB32453EF7","06CF52B00F2F51B900B357645F40656DA8CC1CBF","93BF3E5FEEE422D3C446920A2498D23C","1980-01-01 00:00:00","100956572","com.mediasoft.bni","82","0","2022-02-13 11:08:43","7842568","2021-08-09 07:27:34.491155","play.google.com'"
"E44F6287BB565A76F9285D5BED34D9FE2F801758848F4AB0DD59A085F60AE350","CE201F066851F00237BED19337E2D2951DA50B32","3F7F0D3A005E3C07A7D3BEFE8B771E30","1980-01-01 00:00:00","17062607","com.mediasoft.bni","36","0","2018-10-20 13:02:19","8699612","2018-09-20 05:29:13.7736","play.google.com'"
"F912B700A9B5A79E976FB98AFBB2479C44AAE926E6389CC302002BEBE1E53BB1","E43A1670D76C6A5BAB06ADF3FB8A3D495178208A","1558CDF8EE9D723D0AE6EBE559F06F1B","1980-01-01 00:00:00","57560514","com.mediasoft.bni","64","0","2021-12-28 14:00:01","9729328","2019-10-18 15:47:45.324908","play.google.com'"
"024B486EF39896DB58A8119AB13D751EF8DA1021633C97365356C6B877BD9F86","94EE973080F1B52C9BEF842DAC0BAA721C539BB5","DD62FA15F735C5B280544553BD15B7A6","1980-01-01 00:00:00","15311737","com.mediasoft.faciliss","10","0","2018-09-22 10:27:17","9311596","2018-08-10 09:55:23.735673","play.google.com'"
"2A5BCB55432B19A28E219AD88C2390010B3D7318C30927C1A9F3CA3B3F16392B","078CE75899ED08D268AE12AFB72EC2430B7D9FB8","971545B3657239EE121B5FFF9618F881","1980-01-01 00:00:00","71085550","com.mediasoft.faciliss","22","0","2022-02-15 12:33:00","9717852","2021-09-24 07:58:09.810168","play.google.com'"
"801147464AC2E26DA75BD213E8AA89B5A3061240EC12AACF0AE1A33433069A1C","902353DDFBF274525B4344D0C7CDBE4138EA5009","9F5E88CCEC06CD057B81A859B8EF26BD","1980-01-01 00:00:00","45250163","com.mediasoft.faciliss","11","0","2021-12-23 15:52:35","9603128","2019-07-30 07:29:44.556412","play.google.com'"
"F9AC80105BC97B02B7CCBB4C7AEDF012476F049142E7863BA8BC1AF7A311EFBF","106A9550F123720341CCEBBEBBAB983D24DD390A","64A6C36F6A9108AB6E8CAA8BF860A726","1980-01-01 00:00:00","60370087","com.mediasoft.faciliss","20","0","2020-09-12 11:52:14","9846416","2020-08-22 01:23:03.007302","play.google.com'"
"26DFC63ED1AECC9873A4442BBA31766B4FE554F52A5A48EB16E775DF1FECD28D","74C34E6C0A175AD1549B1617D63006E75417293A","2B7DDF7B584DA3D7F819A1A15FDE193D","1980-01-01 00:00:00","60869349","com.bridgebankgroup.bridgetouch","100006","0","2022-01-26 12:29:27","5916044","2020-12-10 18:56:35.720465","play.google.com'"
"298D242E12F47CA2A9BD60886F99CD6610A9EA00038AB7C4376F2E47A7021C0A","719CAB9E71456202E9EB0096EFCB1B6FBB823866","6E1FB830930650BBC660A55E2C867C3D","1981-01-01 01:01:02","14338728","com.bfi.bsic.togo","2","0","2022-10-10 19:35:44","8456740","2022-08-21 09:15:48.585016","play.google.com'"
"4E7313B73F26C01FF6BC7BFD4E54F76E27BCC7738307CBA807B0D0EAB3DA1F51","17FA4475E280D81B6132F091DD1D2257B42CA42E","1F56710012CB0A1DB6C6A04E6FB95948","1981-01-01 01:01:02","14468575","com.bfi.bsic.togo","8","0","2022-11-10 10:11:40","8460728","2022-10-11 07:05:24.419547","play.google.com'"
"1BE211385EB81BA17EE015D9BB0D8B3741CBE2C078AF2FB9C1A37059370F0CE8","550566B77C035182C9FDCF7734D62DF6A41870D3","906ED84E0187C629D3D5BA0CA759D8F9","1980-01-01 00:00:00","3913298","sn.cbao.bank","6","0","2018-11-04 16:28:24","1783140","2018-10-04 07:02:25.069061","play.google.com'"
"67FDFA60EF5DBFD5A793931878796B11C67D0C475A2F93767ED57E971EF4ADBF","066951B56BC438AD856B35511E4655F096339E62","3DF1295A86FFD11E3CC75BAD1EB12FEC","1980-01-01 00:00:00","3913602","sn.cbao.bank","8","0","2019-12-13 14:00:52","1783252","2019-11-12 09:06:40.751453","play.google.com'"
"CA280A15158E48732FDD6E2A7BB8BB5660C0D894E527023A82AC2AC95CE8C7B8","FC514CBB58A3FF242BC7855BA9721AF24F05D91A","BE141328AA4E461BA88B6CA8232B4FA9","2017-09-27 15:40:26","3943865","sn.cbao.bank","4","0","2017-11-20 21:57:14","1808488","2017-10-31 08:48:32.222519","play.google.com'"
"D8B6EC3DD9BDF8D4FEE490BE3FE1E4A7D2B78ACB92A39EADA636E2EFABE656A7","B052FE485F78417B7016125CFD8ACA9DEB8F7D3F","8B1C67227AA19B874A7FAA78CD1A9BF4","1980-01-01 00:00:00","67356764","sn.cbao.bank","25","0","2021-07-21 11:44:44","4849656","2021-07-07 20:01:44.728939","play.google.com'"
"816295C0E1E515471219B8833BBDEF218667EF2DDDDB64EBB505DA37D056FCA4","91D8A8B2B4B755E15C15B203876022AFCC1FD628","F5F15E045E7AC825352E089EF8C6BBC8","1980-01-01 00:00:00","53305549","sn.cbao.bank","15","0","2022-01-27 12:20:16","5393264","2020-12-20 01:02:14.737684","play.google.com'"
"DD607A698C50EFD337216713866E85514C081B925469C55F0D6BF0BE4B2A086C","4B3FF07DC50898F8DED9271553B516B07DB1BEE8","010E9355985929C09028A2EB07511737","1980-01-01 00:00:00","3132962","com.adria.cds.entreprises","4","0","2020-06-16 06:30:13","2943988","2020-05-16 21:26:28.229922","play.google.com'"
"E250C263EAA9171D56414E6EA7E38222DE9A2E0217B25FC09B115A7956AA93C9","94A5ED23EC078ED56661C3ED5DC511C2BDD6E056","AA4F327353E14837C9C302DA9A554889","1980-01-01 00:00:00","5342445","com.adria.cds.entreprises","6","0","2021-05-19 06:26:07","3012568","2021-04-19 03:07:30.873025","play.google.com'"
"142BFD5B18FE40FB4D0A1A0BC0536D8DD5FC6BB8388A22F05A9F41EA76D4332F","07D10E19CB2F3B5CE8A20D456A198BF7E20BF3ED","0060A162DB77F4029077133AD488EA77","2016-07-18 19:58:16","19963884","com.citi.citimobile","36","0","2016-09-01 09:19:44","6425172","2016-08-11 16:17:21.929673","play.google.com'"
"47E699190C1F72A2301729310618F8B3D7CF37D39D1E7078DE1A2F98A245D698","643150609622E68A07FA4A0BD5B026519C89816F","A030246230076FEFE0AD5396F19EB26D","1981-01-01 01:01:02","51129208","com.citi.citimobile","132","0","2022-02-19 11:25:47","9015168","2021-11-20 23:55:41.985448","play.google.com'"
"935FFC887D1E131023D4188E54692004B6C1BF0E1883FA09A612AB6641F8BDF9","E9C7585FF361F9CE334DC6D59238B4F8A4A2048F","E2690CEA0F2EA4951D7264E743727EE1","1980-01-01 00:00:00","80553643","com.citi.citimobile","112","0","2020-11-19 00:31:10","8049600","2020-11-21 00:38:24.384764","play.google.com'"
"E28D6F1F21C64446FEA30E1AEF94F4CFC4858E30E81138DF791A6C9E7DDA84F0","AF8F42B1AD7BE4E6BFD1C884882B5630FA79565F","24F9DF311AB8C35D22018E27CB566B1C","2011-12-18 18:43:28","2481095","com.citi.citimobile","4","0","2012-11-17 11:24:31","741644","2013-06-10 17:00:35.667272","play.google.com'"
"E945E062BA994DACEC66C26BD833E3E062652D567D2137CCC81C76920BFF8FE8","e664ac474f2fd3ca3667f6ef380fae10d7435bc0","abc1f839575eac0651ff84d89985734b","2014-06-12 18:01:14","12975919","com.citi.citimobile","20","0","2014-07-02 03:04:49","2437904","2014-07-04 10:20:57.71225","play.google.com'"
"17D7FB1178B60AAE17AC2437DA3AAB2F427389D9C7490BDF060EFF71B9B40448","2873C78CC9997824461295A46C543C7C8C74BDAD","89E6C2F33EB577502056A7C09A020CAF","1981-01-01 01:01:02","11276179","com.m2i.corismoney","113","0","2022-08-12 09:17:08","3121184","2022-06-24 13:06:41.591199","play.google.com'"
"2CA23A1415BB6B7E0C23237916C6662AB8FD7004A88F9D0119D90A48886A2C50","8B9BCDC53B3004F95C668286F9F0FA43317D07DC","424DB735F43D7BD80D0F6243B424C865","1981-01-01 01:01:02","11280836","com.m2i.corismoney","119","0","2022-11-22 11:10:43","3121184","2022-10-23 10:09:25.41248","play.google.com'"
"DAA125567B1AFD4F0F239A950DB1B6DAA6431614EA3E7BC5258A1B7B4DC4A5FE","28E89F07A3E5F55240B49370C363F36D9548C88E","D7277959D3FEA9845970CC5A8CBD76DC","1981-01-01 01:01:02","11280277","com.m2i.corismoney","114","0","2022-10-09 11:56:46","3121184","2022-08-15 01:54:12.210823","play.google.com'"
"4AF999BD55EBEA84A1DB6B65DFA663A31C3C5BAD13EEFC869D572D663517373E","F9A49EC1CF96D29970092C07682F31F60348F400","F3CEAEF7314714FE2AC6AF0E5EECDF00","1980-01-01 00:00:00","48393202","com.app.ecobank","170","0","2020-11-01 00:33:38","2284660","2020-10-24 08:40:01.048739","play.google.com'"
"7ECA804ABA2E83734020B4B6DB9434A2364FF6BE0F8BB6D3759D30BF23036910","C94BFEA8B748EB8DA176A60B7857433395783ECA","6D6BD482171F14B92B4D09EB66D611CE","2016-10-19 23:26:50","22156302","com.app.ecobank","26","0","2016-10-22 08:13:54","8612912","2016-10-24 13:10:49.022593","play.google.com'"
"8F2E3B6255F103F97F7D67EB3C9350E4F7D7513921777FE66DC28BAA5B2BFF1F","E726C387DA31D6C7642901DD744EBE912762F0B3","16DF51E70EAA54090FA6D05765D63DB4","2019-12-05 06:28:02","45434861","com.app.ecobank","144","0","2019-12-28 17:35:17","2285156","2019-12-13 23:41:40.365284","play.google.com'"
"9B72E86D4926E74F6423A8E4F165D4A94212908B5AE802301DAA475D068074F2","217DFD0ECED9BA9D765D1016912BADA40346A126","8A4BD89B32BB3F8A3137C7DAED33B1EC","2017-03-13 09:49:56","26766266","com.app.ecobank","52","2","2017-09-14 02:38:16","30104","2017-03-21 07:17:28.832686","play.google.com'"
"AB77510893F1747F1E76F6769E317F8066CB44EE0AFA3377A5BC47C71EF8B51C","FBD7C03DA6EDD6E3B12A6447E8AE5512F8775A14","A5B047506FC9A8ADFC7B0CD432046BF6","2018-11-26 10:38:14","41699168","com.app.ecobank","109","0","2021-12-15 13:49:02","8092912","2018-12-04 12:42:02.263415","play.google.com'"
"E95079968D27A2219B239AFACEAF056B4C41F57183CEEB4843C5525066B2C420","820E50AB598AF2237A238F364F7D84FA8423C6D7","A858BD3B9D596F9AB70C2398D4A9E4A7","1981-01-01 01:01:02","79134459","com.app.ecobank","222","0","2022-02-22 12:13:58","2849824","2021-12-10 04:12:31.552754","play.google.com'"
"0487FBA32C4057949786F072BFA245CE38A7E4254C76DA5D35E726D552839D82","11CF001B0AA581B54EBD0B06D4A28853C08AD51C","3A35F643F02D9B847EA3918EB17652EC","1981-01-01 01:01:02","14698109","com.fbndl.fbnmobile","20008","0","2021-11-19 08:09:52","6428904","2021-10-20 07:17:09.642278","play.google.com'"
"535AD28B9747F67204AEA01AEE1CE5DCA5B61AAD18D7CE65289DAE3BDAA2D288","02967A93B97C4AD7A1A5E7A1C997DD0AA29E4DA9","1705AD9A273A87CCEE32BBD911280A8A","1981-01-01 01:01:02","12801546","com.fbndl.fbnmobile","20007","0","2021-09-14 15:48:35","1303376","2021-08-21 09:21:52.779417","play.google.com'"
"A8D71B4BD79C7D661A22DFA076F8C9FC51D3ED07A7232F7F977451BC86945133","9CBAF8003175290D879D4BF4EBC3DD321BFB7634","414237FCB02CF05E4D6F492A5AE7984F","1980-01-01 00:00:00","62484243","com.fbndl.fbnmobile","10003","0","2022-01-27 13:54:35","8415584","2020-12-24 10:15:34.589882","play.google.com'"
"42F3982295246995292D6A940F546DAAEDBDBF9B76F0670149D59E9DAF4D6F61","36E1125C3871D5CC4EBAC51A1FB02C709E766FC6","062E7BA6675655269A481943E5B31FCF","1980-01-01 00:00:00","4769382","com.softwares.apex.idmoneyclient","111","0","2020-08-23 06:37:13","4925044","2020-07-22 19:10:25.579939","play.google.com'"
"14D419FB6D8692D7C7996B9FF1F6DE4D6F9D7144401E5763D7FA24C5A8D8513D","BE9D00A3F0EA74C20ABD90527EF92607BA2BA62C","5E50EC2A55D70165D57E77B73931722D","1980-01-01 00:00:00","41441719","com.cr2.orabank","400020022","0","2019-11-12 04:47:49","2528804","2019-06-27 03:18:15.742697","play.google.com'"
"71747EBC91A36BCE65EEAF8E66790636D624B74C9A45233E0B52B17ED2C92412","038C1B963E2BC173BAD6142892BB84F44EC513DD","40A128F9DF5B2A90786FA43AFDA2D70F","1980-01-01 00:00:00","34681225","com.cr2.orabank","400080006","0","2020-11-11 06:01:52","2255132","2020-11-19 20:05:18.607415","play.google.com'"
"74D9EFE9C3526BF8F9AD3833D89266ED00CA344D8BDEE3075D7AE26CE63171D1","B735ED8B46BE80AA36D691159F8AB423C98D0F16","E7E34BD1CA00D2D9B4C1FB631B161879","1980-01-01 00:00:00","41818024","com.cr2.orabank","400060001","0","2022-01-09 15:48:24","2657208","2020-06-06 16:55:54.596984","play.google.com'"
"AE23EA5B588845E856F6C7B9E6E5AB87E2CBE2454A56D599BCB437E3225C9705","4768B1915C8084AA1D5AD904ABCBB42E39B3F337","91D1C43236AED2BAF48F96BAB962DF46","1980-01-01 00:00:00","35686131","com.cr2.orabank","400140041","0","2022-02-23 12:48:11","2261704","2021-12-23 13:36:56.643692","play.google.com'"
"0748E4588FD39E15F05EB646184926EFFA3874E6B063627455B79D70A0653927","C830859C828DF76C268DA898497E1B67A213E880","B916261718A667C213AE2EE3C2B682B9","1980-01-01 00:00:00","11861318","ru.bpc.mobilebank.boa2","190926","0","2019-12-11 03:43:19","8645512","2019-11-07 01:42:01.395114","play.google.com'"
"6483E3367566EDE99E5568718839BC20BEDC0863E11756100811560D332514AF","91C4BBABD3A9A1D27A75EB3EB652B52325B357AE","43F9BBCC1AACC7A51C5B2880DFF7F4C8","1980-01-01 00:00:00","11857222","ru.bpc.mobilebank.boa2","190419","0","2019-08-24 12:11:45","8645184","2019-08-05 14:55:20.135178","play.google.com'"
"1FB94FC79A77BDCD7CED06409FC3B80F8E9B38507309FC1EB57B5E75B3024AFD","B521B91B1F114908951CCE6D5AA1B84781F2F65A","F4D30C484486DA815250A8B8819E4A92","1981-01-01 01:01:02","13406686","africa.of.boamobile","3145756","0","2022-03-04 11:41:29","7909508","2022-02-02 12:41:56.896164","play.google.com'"
"82762A1C1DC1A4134D3A4ECB05D19F153808099DDD88D39C6F3F48A578A004A2","3F01C2781818C00C5D2C1696BFE2B316A38B5297","5E3DC707608C2C59F550F5AB410AF207","1980-01-01 00:00:00","11576813","africa.of.boamobile","3145739","0","2020-12-03 08:54:56","7697368","2020-11-03 02:34:19.125302","play.google.com'"
"C2B07AC292FD3B82FED2A5A9DD3409D79246B6528722A889AA0F8E3288B1268B","AEE7C1E05902138DCEFDE7ACB0E7D3D1689A5A1A","7C4609FA5BEF1915C2AAEC8B5DC76421","1980-01-01 00:00:00","11834057","africa.of.boamobile","3145750","0","2021-05-30 08:05:23","7903252","2021-04-30 19:05:50.800114","play.google.com'"
"D181037A54EF2F8D6598F912931D1B848EB5B650567BEE1C1DBC640C668C8893","20B649B9BC10AE0BEC631A4145D3304615F8163E","FD5FD1FA6E8CFC2EAFD06E07BADCD440","1981-01-01 01:01:02","13378014","africa.of.boamobile","3145754","0","2021-08-12 07:37:42","7909424","2021-07-13 19:58:37.672395","play.google.com'"
"AE097F28F4914F99AFD8807304264A04D32FF9C4F2B208C77C8252F7801B3BA2","40B572580D823EC7AB6662EED5A8C9CB24105526","BB1D35F0281BA925BE1AFF46408E7A31","1980-01-01 00:00:00","385465","ci.nsiabanque.espacemobile","60108","0","2019-12-25 03:40:05","143592","2019-11-23 08:56:17.28274","play.google.com'"
"64265718034829378A792306AF3D36ABBE689C25BD41C529CDDE03BC0E8279B4","814F27E1E02A0EF6174D847E62CE9783CAA5A225","D5A2DE641C60A5C79ED7207682397293","1980-01-01 00:00:00","9616290","com.mediasoft.diamond","27","0","2020-09-27 12:39:22","11647712","2020-08-28 10:00:36.420624","play.google.com'"
"8C698AD4857F40BED7A9D97C10F809EC100B5AF90A97159E0E91F188F3ECE5D3","74823EA0388C5D2A7C5A39A22B3F9E9ECFBFDAC9","39C20852FA5281BC4CFE6A24FFD4DDAE","1980-01-01 00:00:00","46815843","com.mediasoft.diamond","14","0","2021-12-25 17:15:32","5806988","2019-08-24 11:12:28.127259","play.google.com'"
"C9AAC33F388D0015DCF818127058A8C1B9A4CC06FA363DB5DAEFD9951E1FF6DA","BA1E28EC6DE4D0C915909C8E82F5893B2393182D","99341886405A404DB51BA191B0519A2A","1980-01-01 00:00:00","20080080","com.mediasoft.diamond","11","0","2019-04-24 00:28:04","11003516","2019-03-23 04:40:05.207178","play.google.com'"
"D7A72EE3E7D2E464733C648BCB92C29584A9B124A3638B563161F8D3C665E42C","8D7B0D320A697FAF7A37F35DD375F484EBD608C2","E3504D30F64F51983359AF9A56A3309D","1981-01-01 01:01:02","11900598","com.mediasoft.diamond","39","0","2021-09-28 06:58:17","10232432","2021-08-29 06:12:44.126728","play.google.com'"
"6AAFAC49450D9EC6B1FE7BBD80962D7B5C80972DE009DCE53F7C0325D25A97C9","686563F03768D86CADF0E9A0521330BE676255E8","DD2127D5A5707063961FA58E14087E98","1980-01-01 00:00:00","4446669","com.orange.orangebank.africa","20","1","2021-06-18 07:08:37","7446600","2021-05-19 05:38:38.043355","play.google.com'"
"821241A9A898C4A7476AE5E4294831C59F35CB9576E26B786FD8F924C4BBF3E0","0678C32CCEF2B6F696FF838EEEAD7E8D6606D024","E65D25DCB7952E9D29AEF67B0072A5C6","1981-01-01 01:01:02","6050403","com.orange.orangebank.africa","1003013","0","2022-08-04 03:06:16","9367232","2022-06-21 23:27:40.799604","play.google.com'"
"CDF33716BD6F265905E07C4CE1B724267F700D88F80A7CE2B9782E572816F832","59C2E57E2CF847451ED5E050AC87B60B7D4ECD3A","A4D210C57CF158DC6398DD935CE97B3E","1981-01-01 01:01:02","4759494","com.orange.orangebank.africa","41","0","2021-12-16 09:48:12","8342988","2021-11-16 09:40:25.126328","play.google.com'"
"11E8911A226FEC74C61B2ED2617C9081D08BD792C5100E8662A2B340C3125B9C","EEF843A0F499C4B841308F764B8C3C4CB679A6AC","B00F8CCB57372E13141863E80F915EBD","1980-01-01 00:00:00","5942754","sn.labanqueoutarde.app","59985","0","2020-09-01 17:42:02","8596588","2020-08-02 16:18:30.803904","play.google.com'"
"781D2053A04057B7B6F556BF2F3DBA68E14F5228D06F215C27E247E2CD229E6F","937C306ED13E9D8198B734E23B27245C64627BF7","232E3C9EC0E828DE2D847D143E2205A3","1980-01-01 00:00:00","23762010","sn.labanqueoutarde.app","24092","0","2019-03-16 03:07:06","8014124","2019-02-05 16:53:01.665915","play.google.com'"
"EABC387B7321F445F3B5B8CD3F2510343AE2377BD561EF252CC64C3D5B869CC0","65A89F6A8587F6EB944B6B8798759FF4124A3EB2","9A7D842330E3EAA58B2F6AA6A17D8952","1981-01-01 01:01:02","7337186","sn.labanqueoutarde.app","96663","0","2021-10-21 06:52:37","9834460","2021-09-21 08:27:35.115797","play.google.com'"
"FCDC3616C3897FC659034A3E6AA865EDA5BFDEFE6B917021B45BA4D153ED508A","47DD763D2A4A14D02D6B91418F4ADA2390F02F8B","014974EDFEAD37BAB76081237E5D418E","1980-01-01 00:00:00","6650674","sn.labanqueoutarde.app","41660","0","2020-01-14 03:40:32","8402240","2019-12-13 17:51:53.084502","play.google.com'"
"567BB97AA8D27992329F7CCF1031917A34319132077330C2117B772B5B484D34","08AA86C684DCF734D4F37352F86CF50C483A17C0","9C77157F33258247FE28BE39E0CBCFBB","1980-01-01 00:00:00","14040370","com.icafbmobilebanking","3145760","0","2021-10-02 12:03:38","8899488","2021-09-02 15:09:42.634552","play.google.com'"
"7E870A7D7F4A2B5CA71002470973ABF0EA66CA14E0B6C6DAC42184226AA8DD87","4825B0F403D3B02FFA45E1C5CA310BB0D2E74E03","3874B5406CFF3174E3148A32CDD951D6","1980-01-01 00:00:00","12656937","com.icafbmobilebanking","4","0","2019-07-19 01:52:53","7385796","2019-06-17 15:47:29.923252","play.google.com'"
"9A67BD13A6B5043BE21ECF6A4450821AE0494E6374A138780CF47D13DB05F024","9BFB6CB42E9CF564EB93F2CF5EB04942E4A556C9","5C89784586852493927795F99BD1039D","1980-01-01 00:00:00","13070070","com.icafbmobilebanking","3145741","0","2019-11-29 16:28:22","9248704","2019-10-22 00:08:15.577091","play.google.com'"
"E093788DB70B1552E92116A7D3B7EBF1674A382CE806DB98A9A384BBFABAAA99","206E1F03A0893F6AFD10FFBA92A9EBC22C6DE458","B9F77C41E04852AA970E9E49B262CD04","1980-01-01 00:00:00","13937469","com.icafbmobilebanking","3145749","0","2020-12-14 09:40:18","8899248","2020-11-14 09:10:04.908793","play.google.com'"
"3C912C7642CC764C20E48531BA0C7285E9767A1E9F993B39E62F31D47507CE2E","2CF19637B81C6C29AFE7EC0943372A937DEB922D","3152772C53F1DB7FCD5DF399A98F2735","1980-01-01 00:00:00","43682861","com.scb.breezebanking.ci","10041","0","2022-01-26 11:15:25","7749440","2020-12-07 22:21:39.786348","play.google.com'"
"8DBB71B5782467E6397D4F1B78EB6A9BCD4C97D4FAB46D9D9C1269FDCA938608","C6772D6C27707D65A02218A878D77ACBED831918","59C1AB0DC0913F27CE5D71CF60AF3FBE","1981-01-01 01:01:02","47000532","com.scb.breezebanking.ci","10053","0","2022-02-22 11:11:11","8535576","2021-12-05 22:56:39.833461","play.google.com'"
"AD764F407352E7B6DDF881A8C0A890804C790F2448E7AF740CB88714C033EDFA","5F11DE0F88B56617C83BAFAFD9A32ECE2F96EC60","DD23A1A10E85D2F5F748333FF1D2F766","1980-01-01 00:00:00","8703044","com.scb.breezebanking.ci","10016","0","2018-09-07 12:21:45","415964","2018-08-09 15:08:25.045006","play.google.com'"
"B4DADC523B977ED57E17F990E8C3900D4B91B65BAB9C68504D06AE9B052A73DB","47FD531066AB0F99230550695BB6A505E3DE7253","526711ABCD7C712870427C50CCD85A01","1980-01-01 00:00:00","9035312","com.scb.breezebanking.ci","10029","0","2020-01-01 15:15:15","1995196","2019-12-08 21:55:37.448628","play.google.com'"
"477612E61D2BFFCEA85A8E0F3260301D5CF2B62F4D935A4272B65C912E7FCE2A","983AFEB21D7F907DD4B531E7F0AE75C769A2E06D","5C6AF179C0C0B64A3D70A774DDE0459C","1980-01-01 00:00:00","7968065","com.socgen.bankup","18","0","2020-05-02 02:28:04","5654568","2020-03-31 08:08:11.449367","play.google.com'"
"5240DDB66AA97134B829B4A04223C4DB2C77C48B692BD27ACC5B792E58DACC43","A7FD45333589B79A16C1A993D614BF9D6DA8F0B1","0BF753115AA45ECC61E77517F8177D87","1980-01-01 00:00:00","8227199","com.socgen.bankup","27","0","2021-01-22 07:30:26","5814044","2020-12-23 05:56:25.949284","play.google.com'"
"6861DA671C77C967B938B602F1C97AD81D98FCE74D63BB4066BBF03C3E9F4592","6ABFE00F6DAD1AE342452B9C30251A037220DFDC","EB8B499EA58A85D7FEAA6D8DF045D227","1981-01-01 01:01:02","20642993","com.socgen.bankup","76","0","2021-12-30 09:33:06","8501292","2021-11-30 01:33:48.865361","play.google.com'"
"A1DA02F34CFBB9B5164B20194768CF6A3A45F47FA508ED239D9A9F480DD944F6","25B9F581136C7F6885075D3D32A678300076CB20","A73E2DF67EBF7C364EF13053FBC640F1","1981-01-01 01:01:02","24218738","com.socgen.bankup","80","0","2022-05-12 15:31:16","8482400","2022-04-14 04:41:01.824671","play.google.com'"
"312C608C871E9AC7D3FA44CD2F24E858B498F07C74E523689FD88E2615D99F51","27EAE7C5F5A026147A5DA9F8CAEC49E36822F470","C90C0E00730B344B87AFD8E1C706A402","1980-01-01 00:00:00","2132499","com.adria.sib.entreprises","1","0","2018-07-12 21:42:43","1748076","2017-04-13 16:05:51.961464","play.google.com'"
"3F14A6CF436DF6DF370FF86696C29B1CD6CCD3C421EFD8948DF627B0D17F32FE","C03F1DC472AC6A1DEF3D0F36FB81680144649E53","0C7367E25AE78FF0803AF03A30DF6200","1980-01-01 00:00:00","5495895","com.adria.sib.entreprises","17","0","2020-12-26 12:39:32","3228256","2020-11-26 00:49:40.102055","play.google.com'"
"824C6CDF1F99FAD1548BBF7FE30D316EFE0AC555224B89531FBC42DEA7594FA6","C33E0B56B37F9A9CD61495E755809B091D822784","48FA2F1DE36A3CFB805FFDED64CEDA23","1980-01-01 00:00:00","4695706","com.adria.sib.entreprises","9","0","2019-11-29 19:54:48","3087024","2019-10-23 19:46:41.573135","play.google.com'"
"D2EE1F53458B74852EFAE48005C5FA10CCD051C6327C425A20D9E57AEADBEC44","862DBB6D02E5D0C43E863E662D11779E3286136B","FDEFB314AE94B8763EA7342544ADE97E","1980-01-01 00:00:00","2228345","com.adria.sib.entreprises","5","0","2018-07-11 20:02:31","2009772","2018-05-06 07:29:09.895769","play.google.com'"
"1545FE9AF2F97873241C7504C3860140F22CA26BFFF16437606994C344F31AF3","0B34DCA1A4850B2235AC1FD6283180833DFDB416","045EB651E48B1FC8542C1BD97301FFD9","1980-01-01 00:00:00","33800292","com.sbg.mobile.phone","3023002","0","2020-12-09 05:02:47","8485204","2020-11-20 18:00:05.44117","play.google.com'"
"1CEDC6083D960265ED658E7A49C02E0FD78D43F6F9B7E5CA1A253A6F6E31E7DB","B982F682613A80231FC1B7F3BA092558A56E0F5A","8FA46041B1251D6A3770FE5CD6E7FCD9","1980-01-01 00:00:00","73138668","com.sbg.mobile.phone","3013006","0","2020-01-10 14:52:30","9532088","2019-12-17 09:50:57.625288","play.google.com'"
"399A4A001FA9BD8A5E0D75938CB3C2A3FDEDF332802968E26E9FB5ED3FD214E2","9E5A214924BBFE3D861ECE15CCE4768D59F1991F","365BE784D36365CFAF23FE3BEA06E4F0","1981-01-01 01:01:02","39690075","com.sbg.mobile.phone","3032007","0","2022-02-22 12:39:31","9439612","2021-12-11 10:34:51.648486","play.google.com'"
"727A5CFD507D2D777D6A58088CBDDDE8C923A72A92176661EB45DC601E9B2D48","F5FA198C7E678917DEF2889DBF084BDE39AC8D26","E36FFB23301DF822028BCAEDE8936893","1980-01-01 00:00:00","21396792","com.sbg.mobile.phone","2005008","0","2017-09-26 12:15:27","7956776","2017-10-06 03:55:38.780313","play.google.com'"
"B4397595F2F43A4D29E4B7C4B38B5950CEE403DE685001A545234A7C023FC7D4","D9CA5FC51CB8CEFC6E4D2EC433F0DFA89514A139","7C2E5980AC4E03148449C4023377CD12","1980-01-01 00:00:00","34099298","com.sbg.mobile.phone","3001005","0","2019-08-19 20:37:16","7778108","2018-10-09 17:17:49.759403","play.google.com'"
"F0A7A5AE39B85A18B38AC60AE8CE860F7B7BC24F1C847EA9B188362D9B6BDDD4","6FC50C322AC97A6DA222F06944364694F2D296A9","FDCCF3FA71965B31E7204F817F0E9B8B","2016-01-21 12:56:02","21081167","com.sbg.mobile.phone","19","0","2016-04-01 09:32:04","5464512","2016-05-15 01:48:43.335425","play.google.com'"
"4B9FA43CF93419FF274329D97FA1DD2321B55790665F2C5124427443145B0020","F4E2CA5F1BFA0C1E6DBB4A609314AD496E20FDFB","2EFA7FA74ADEE416319D3E5BD638C47A","1980-01-01 00:00:00","24867143","com.taholding.banqueislamique","1587307572","0","2020-07-11 09:54:06","9099604","2020-06-05 14:46:43.939876","play.google.com'"
"83A66F50F9F646E9B318202E631D7EF04205DE44765B7EC17F2014F1445D4415","A2E73B4C4546E112197993FA50F8B5F34080DE97","1C0A2F62AB39D95DB03B6C3E1A3D5431","1980-01-01 00:00:00","24808894","com.taholding.banqueislamique","1561749873","0","2019-09-10 01:05:59","8910092","2019-08-09 14:15:55.350642","play.google.com'"
"FF57005E83FB540006F20136C9F99D2D5A4E83416665E4FB6E11D714B8236C7D","174A754CB9779D6271DAE13D988D6D7D45E19144","E2E687F9A545E5CCAB2B988F2895B763","1980-01-01 00:00:00","25106265","com.taholding.banqueislamique","1612525742","0","2021-03-29 07:32:12","9167308","2021-02-27 23:19:39.990423","play.google.com'"
"5D1F47332D822EC004398F026DE1BA3E0916C3DA08E03BE3FB3526138E7C7D86","E6F65E25C08D6C134E3CC8FB24E8D88EC3A2C53E","F83F2598C8EAE37E683110925B0855E6","1981-01-01 01:01:02","64433486","com.ubanquity.redd.uba","16894","0","2021-11-17 15:11:10","8516800","2021-11-14 23:43:07.049541","play.google.com'"
"90CDE6A80D5E70EECC324434B1790F8169FEEF1265336BE78D2FDA64B84C6C07","B49EE4045641CAEA5D20B9C054576E7E7EA9E4EE","0C4525603A949608419F6C46E0C6E6D9","1980-01-01 00:00:00","41227451","com.ubanquity.redd.uba","16865","0","2022-01-26 14:43:27","5460932","2020-12-15 16:11:59.129917","play.google.com'"
"940799CEC88BDF9187FB7EF66DDBEA3CE37F4FC5C6AAD1AEFEBCCC9E35086BAC","C119B879C5E5C3C4A49B12854B80953CA7866533","92359CEBB52A5BDB865692FF5681C460","1980-01-01 00:00:00","43375759","com.ubanquity.redd.uba","16875","0","2022-02-04 13:53:49","5461400","2021-04-07 17:57:20.5302","play.google.com'"
"9C6489C7A10F4C83A7B42BA1B2E195ABDC28D71269CC3BC785C319737CEFB7E9","05A8739D50B8879BE86F4E3D28875302026D8E7C","7091BE5871E6D3180BA545DA75510299","1981-01-01 01:01:02","39436548","com.ubanquity.redd.uba","16904","0","2022-02-25 11:15:28","6235056","2022-01-25 06:40:08.909065","play.google.com'"
"9D525271BFBC9B953288A64B3593EDECA9419CB21B32A5F95ACFE0B7FC6A8891","0D0FA671F8DAA37E6A972DBCAF3800E1BAD8800F","9EA9534DA7F5D050CE815D74D9F967DA","1980-01-01 00:00:00","28939885","com.uba.vericash","5041800","2","2019-11-20 03:16:23","6065380","2019-11-22 03:15:37.786464","play.google.com'"
"AB713CDCFDD0AF5EF094CA84C9767AFDE432525E397472399FA56D20C3C008BC","E95957D1732A323CE92530B2082DBF99722A77A7","41F429F577CDD27931E7AB4DC12BF8AE","1980-01-01 00:00:00","34712658","com.uba.vericash","5010822","0","2019-06-18 12:13:50","5538676","2018-09-09 00:44:22.043278","play.google.com'"
"B880376F6AC8F61234D7960BA9C0EDB55E6722B0323756CC78AFDBCBFC90F9CD","C7D1623D3331856D93A2DBFB6B939B7745232A47","6EDF18F81B6F08252228010D1B76DE25","1980-01-01 00:00:00","10940285","com.uba.vericash","500920","1","2017-11-21 00:56:57","2539732","2017-12-03 17:02:20.577953","play.google.com'"
"BF9B3B94A0B4E874B267D90931B6FB1EA5EA4925CE395EDE9295A3766F1C1F0A","2B4C7F06D1B2298C61D9FFCAE66D3B87739DDA7E","3110E82FFA36AE34D71230F7180DFAF4","1980-01-01 00:00:00","24489689","com.uba.vericash","5070090","0","2020-12-13 10:35:24","5799384","2020-11-13 11:34:07.302392","play.google.com'"
"FB353A9FDA07EFACFB37074082A2319E8F5B0376BDD0AB45E2B5ADB24A615B39","351C4005F3493A5B2340C619E48683E91AAF9BCA","8E7AC50E69438E2C6D63FDFCABF78AA7","2015-12-03 16:40:22","4048242","com.uba.vericash","401348","0","2016-03-21 09:12:46","332040","2016-03-23 22:51:05.130586","play.google.com'"
"7F678241A28B0CBC11ED54C40CDC2CF7AD353BF3B20BDD4EF4A41C64C52C5930","468BB88DBF4870F9CC0797D243C739AE3551ABD6","58F9BE18A106876CA6F4F829BD9C8E89","1981-01-01 01:01:02","6652469","com.NT.VersusMobilBanking","10","0","2022-02-11 09:39:37","7034588","2022-01-12 11:46:16.259693","play.google.com'"
"8295B4A914140A7F2ED7E6BB9467EF63D308EA6B470183C84189CC593330591F","BFD907DF51B386B4B1D87CF57C94C967645BE419","17591A9881BF67BE1AD15CB8F0E85AB1","1981-01-01 01:01:02","6648310","com.NT.VersusMobilBanking","5","0","2021-04-09 15:01:08","7039948","2021-03-10 22:29:21.741638","play.google.com'"
"A6EC372752DABC278C475734382CBAFEE71093D22EBD438D7853542DE6C33949","843CE15BAD967494DEE41127BC8154413015BC40","C1D8429CAA18F7F2BF8B078576673A7B","1981-01-01 01:01:02","6652469","com.NT.VersusMobilBanking","8","0","2021-08-07 06:56:39","7034584","2021-07-08 04:34:04.54915","play.google.com'"
"E584F9943ECADDA74B46A9959D0D2BF03EA317699934A484C7170E1255547A2B","F7B84C89BC185F78D2D365738B7A12E7A58DF517","D012C43DC6C42DBC7F8AA2A2C626A2C6","1980-01-01 00:00:00","6640041","com.NT.VersusMobilBanking","4","0","2021-01-19 10:19:39","7030444","2020-12-20 19:04:44.745279","play.google.com'"
"2845A03A1AA69AEFC01A9052D4D7C50673339248E80EADB8943410AE305F4137","431F652ED31DF536947168ED9EE976AB5171185B","EB254E21B01FC17FD73BD4697AF437EF","1981-01-01 01:01:02","19132300","com.paytop.wafacash","45","0","2022-01-16 11:48:55","9089856","2021-12-17 13:12:04.873465","play.google.com'"
"B35172E79E8909D811FF1573B5FD4A3646D4FA93DA9D1DE5E4C13E0EF26E994A","1A33B0339F8FCAF78CE37E5A20D231AA0DA30FFC","7E4921E3947CFE292F1926B6F32F2FC7","1981-01-01 01:01:02","20603452","com.paytop.wafacash","51","0","2022-04-07 07:49:45","9174896","2022-03-08 19:43:59.582724","play.google.com'"
"CC54E0308887797928FD39D0985DA9D2939F56C01C484C4C71F7E3487EFF9724","DBA90E73F938B776ECB620CF987946C00EBBC306","A65D3929A588E9F5BB87ACB801BAD30D","1981-01-01 01:01:02","18112679","com.paytop.wafacash","37","0","2021-09-29 07:59:48","8638052","2021-08-30 10:19:36.499569","play.google.com'"
"FF0234E7B09D83B9B7835DCEFC618202DCCD28ED183A913978EE5A8C56DE7CFD","68A60F307CE4ACD568C8B3CE79C4617AA0D266C9","7AFA98649E6BD07055E33BB9C4811388","1981-01-01 01:01:02","18013201","com.paytop.wafacash","55","0","2022-09-17 09:23:45","9220500","2022-07-09 11:49:26.357747","play.google.com'"
