{
    "id": 191,
    "name": "9B72E86D4926E74F6423A8E4F165D4A94212908B5AE802301DAA475D068074F2.apk",
    "submitDate": 1685462912579,
    "status": {
        "pendingAnalyses": 0,
        "skippedAnalyses": 0,
        "runningAnalyses": 0,
        "failedAnalyses": 0,
        "finishedAnalyses": 161,
        "hasWarnings": false,
        "statusText": "Finished",
        "vulnerabilityFindingStatistics": {
            "low": 2,
            "medium": 3,
            "high": 0
        },
        "progressPercent": 99,
        "finishDate": 1686128624654
    },
    "metadata": {
        "sha256Hash": "9b72e86d4926e74f6423a8e4f165d4a94212908b5ae802301daa475d068074f2",
        "displayName": "Ecobank Mobile",
        "versionName": "Version 1.5",
        "type": "APKMetadata",
        "platform": {
            "humanReadableName": "Android Application",
            "id": "ANDROID_APP_APK"
        },
        "permissions": [
            {
                "permission": "android.permission.RECEIVE_SMS",
                "type": "AndroidPermission",
                "description": "Allows an application to receive SMS messages. <p>Protection level: dangerous <p> This is a hard restricted permission which cannot be held by an app until the installer on record whitelists the permission. For more details see android.content.pm.PackageInstaller.SessionParams#setWhitelistedRestrictedPermissions(Set)."
            },
            {
                "permission": "android.permission.READ_CONTACTS",
                "type": "AndroidPermission",
                "description": "Allows an application to read the user's contacts data. <p>Protection level: dangerous"
            },
            {
                "permission": "android.permission.GET_ACCOUNTS",
                "type": "AndroidPermission",
                "description": "Allows access to the list of accounts in the Accounts Service. <p class=\"note\"><strong>Note:</strong> Beginning with Android 6.0 (API level 23), if an app shares the signature of the authenticator that manages an account, it does not need <code>\"GET_ACCOUNTS\"</code> permission to read information about that account. On Android 5.1 and lower, all apps need <code>\"GET_ACCOUNTS\"</code> permission to read information about any account.</p> <p>Protection level: dangerous"
            },
            {
                "permission": "android.permission.READ_SMS",
                "type": "AndroidPermission",
                "description": "Allows an application to read SMS messages. <p>Protection level: dangerous <p> This is a hard restricted permission which cannot be held by an app until the installer on record whitelists the permission. For more details see android.content.pm.PackageInstaller.SessionParams#setWhitelistedRestrictedPermissions(Set)."
            },
            {
                "permission": "android.permission.CALL_PHONE",
                "type": "AndroidPermission",
                "description": "Allows an application to initiate a phone call without going through the Dialer user interface for the user to confirm the call. <p>Protection level: dangerous"
            },
            {
                "permission": "com.app.ecobank.permission.C2D_MESSAGE",
                "type": "AndroidPermission",
                "description": null
            },
            {
                "permission": "android.permission.ACCESS_FINE_LOCATION",
                "type": "AndroidPermission",
                "description": "Allows an app to access precise location. Alternatively, you might want ACCESS_COARSE_LOCATION. <p>Protection level: dangerous"
            },
            {
                "permission": "android.permission.INTERNET",
                "type": "AndroidPermission",
                "description": "Allows applications to open network sockets. <p>Protection level: normal"
            },
            {
                "permission": "android.permission.ACCESS_NETWORK_STATE",
                "type": "AndroidPermission",
                "description": "Allows applications to access information about networks. <p>Protection level: normal"
            },
            {
                "permission": "android.permission.WAKE_LOCK",
                "type": "AndroidPermission",
                "description": "Allows using PowerManager WakeLocks to keep processor from sleeping or screen from dimming. <p>Protection level: normal"
            },
            {
                "permission": "com.google.android.permission.C2D_MESSAGE",
                "type": "AndroidPermission",
                "description": null
            },
            {
                "permission": "android.permission.CAMERA",
                "type": "AndroidPermission",
                "description": "Required to be able to access the camera device. <p>This will automatically enforce the <a href=\"https://developer.android.com/guide/topics/manifest/uses-feature-element.html\"> uses-feature</a> manifest element for <em>all</em> camera features. If you do not require all camera features or can properly operate if a camera is not available, then you must modify your manifest as appropriate in order to install on devices that don't support all camera features.</p> <p>Protection level: dangerous"
            },
            {
                "permission": "android.permission.READ_EXTERNAL_STORAGE",
                "type": "AndroidPermission",
                "description": "Allows an application to read from external storage. <p>Any app that declares the WRITE_EXTERNAL_STORAGE permission is implicitly granted this permission.</p> <p>This permission is enforced starting in API level 19. Before API level 19, this permission is not enforced and all apps still have access to read from external storage. You can test your app with the permission enforced by enabling <em>Protect USB storage</em> under Developer options in the Settings app on a device running Android 4.1 or higher.</p> <p>Also starting in API level 19, this permission is <em>not</em> required to read/write files in your application-specific directories returned by android.content.Context#getExternalFilesDir and android.content.Context#getExternalCacheDir. <p class=\"note\"><strong>Note:</strong> If <em>both</em> your <a href=\"https://developer.android.com/guide/topics/manifest/uses-sdk-element.html#min\"> minSdkVersion</a> and <a href=\"https://developer.android.com/guide/topics/manifest/uses-sdk-element.html#target\"> targetSdkVersion</a> values are set to 3 or lower, the system implicitly grants your app this permission. If you don't need this permission, be sure your <a href=\"https://developer.android.com/guide/topics/manifest/uses-sdk-element.html#target\"> targetSdkVersion</a> is 4 or higher. <p> This is a soft restricted permission which cannot be held by an app it its full form until the installer on record whitelists the permission. Specifically, if the permission is allowlisted the holder app can access external storage and the visual and aural media collections while if the permission is not allowlisted the holder app can only access to the visual and aural medial collections. Also the permission is immutably restricted meaning that the allowlist state can be specified only at install time and cannot change until the app is installed. For more details see android.content.pm.PackageInstaller.SessionParams#setWhitelistedRestrictedPermissions(Set). <p>Protection level: dangerous"
            },
            {
                "permission": "com.google.android.c2dm.permission.RECEIVE",
                "type": "AndroidPermission",
                "description": null
            },
            {
                "permission": "android.permission.READ_PHONE_STATE",
                "type": "AndroidPermission",
                "description": "Allows read only access to phone state, including the current cellular network information, the status of any ongoing calls, and a list of any android.telecom.PhoneAccounts registered on the device. <p class=\"note\"><strong>Note:</strong> If <em>both</em> your <a href=\"https://developer.android.com/guide/topics/manifest/uses-sdk-element.html#min\"> minSdkVersion</a> and <a href=\"https://developer.android.com/guide/topics/manifest/uses-sdk-element.html#target\"> targetSdkVersion</a> values are set to 3 or lower, the system implicitly grants your app this permission. If you don't need this permission, be sure your <a href=\"https://developer.android.com/guide/topics/manifest/uses-sdk-element.html#target\"> targetSdkVersion</a> is 4 or higher. <p>Protection level: dangerous"
            }
        ],
        "packageName": "com.app.ecobank",
        "minSDKVersion": 16,
        "targetSDKVersion": 23,
        "activites": [
            {
                "exported": true,
                "enabled": true,
                "name": "com.ecobank.ecobankmobile.activity.SplashActivity",
                "process": null,
                "label": "Ecobank Mobile",
                "type": "AndroidActivity",
                "intentFilters": [
                    {
                        "actions": [
                            "android.intent.action.MAIN"
                        ],
                        "categories": [
                            "android.intent.category.LAUNCHER"
                        ],
                        "scheme": null,
                        "host": null,
                        "port": null,
                        "path": null,
                        "pathPattern": null,
                        "pathPrefix": null,
                        "mimeType": null,
                        "priority": 0
                    }
                ],
                "packageName": null
            },
            {
                "exported": false,
                "enabled": true,
                "name": "com.ecobank.ecobankmobile.activity.HomeActivity",
                "process": null,
                "label": null,
                "type": "AndroidActivity",
                "intentFilters": [],
                "packageName": null
            },
            {
                "exported": false,
                "enabled": true,
                "name": "com.google.android.gms.common.api.GoogleApiActivity",
                "process": null,
                "label": null,
                "type": "AndroidActivity",
                "intentFilters": [],
                "packageName": null
            },
            {
                "exported": true,
                "enabled": true,
                "name": "com.ecobank.ecobankmobile.activity.MainActivity",
                "process": null,
                "label": null,
                "type": "AndroidActivity",
                "intentFilters": [
                    {
                        "actions": [
                            "com.app.ecobank.MainActivity"
                        ],
                        "categories": [
                            "android.intent.category.DEFAULT"
                        ],
                        "scheme": null,
                        "host": null,
                        "port": null,
                        "path": null,
                        "pathPattern": null,
                        "pathPrefix": null,
                        "mimeType": null,
                        "priority": 0
                    }
                ],
                "packageName": null
            }
        ],
        "activityAliases": null,
        "contentProviders": [
            {
                "exported": false,
                "enabled": true,
                "name": "com.google.firebase.provider.FirebaseInitProvider",
                "process": null,
                "label": null,
                "type": "AndroidContentProvider",
                "intentFilters": null,
                "packageName": null,
                "authorities": [
                    "com.app.ecobank.firebaseinitprovider"
                ]
            }
        ],
        "broadcastReceivers": [
            {
                "exported": true,
                "enabled": true,
                "name": "com.google.android.gms.measurement.AppMeasurementReceiver",
                "process": null,
                "label": null,
                "type": "AndroidBroadcastReceiver",
                "intentFilters": [
                    {
                        "actions": [
                            "com.google.android.gms.measurement.UPLOAD"
                        ],
                        "categories": [],
                        "scheme": null,
                        "host": null,
                        "port": null,
                        "path": null,
                        "pathPattern": null,
                        "pathPrefix": null,
                        "mimeType": null,
                        "priority": 0
                    }
                ],
                "packageName": null
            },
            {
                "exported": false,
                "enabled": true,
                "name": "com.google.firebase.iid.FirebaseInstanceIdInternalReceiver",
                "process": null,
                "label": null,
                "type": "AndroidBroadcastReceiver",
                "intentFilters": [],
                "packageName": null
            },
            {
                "exported": true,
                "enabled": true,
                "name": "com.ecobank.ecobankmobile.reciever.SmsReceiver",
                "process": null,
                "label": null,
                "type": "AndroidBroadcastReceiver",
                "intentFilters": [
                    {
                        "actions": [
                            "android.provider.Telephony.SMS_RECEIVED"
                        ],
                        "categories": [],
                        "scheme": null,
                        "host": null,
                        "port": null,
                        "path": null,
                        "pathPattern": null,
                        "pathPrefix": null,
                        "mimeType": null,
                        "priority": 0
                    }
                ],
                "packageName": null
            },
            {
                "exported": true,
                "enabled": true,
                "name": "com.google.firebase.iid.FirebaseInstanceIdReceiver",
                "process": null,
                "label": null,
                "type": "AndroidBroadcastReceiver",
                "intentFilters": [
                    {
                        "actions": [
                            "com.google.android.c2dm.intent.RECEIVE",
                            "com.google.android.c2dm.intent.REGISTRATION"
                        ],
                        "categories": [
                            "com.app.ecobank"
                        ],
                        "scheme": null,
                        "host": null,
                        "port": null,
                        "path": null,
                        "pathPattern": null,
                        "pathPrefix": null,
                        "mimeType": null,
                        "priority": 0
                    }
                ],
                "packageName": null
            }
        ],
        "services": [
            {
                "exported": true,
                "enabled": true,
                "name": "com.ecobank.ecobankmobile.fcm.AppContainerInstanceIdService",
                "process": null,
                "label": null,
                "type": "AndroidService",
                "intentFilters": [
                    {
                        "actions": [
                            "com.google.firebase.INSTANCE_ID_EVENT"
                        ],
                        "categories": [],
                        "scheme": null,
                        "host": null,
                        "port": null,
                        "path": null,
                        "pathPattern": null,
                        "pathPrefix": null,
                        "mimeType": null,
                        "priority": 0
                    }
                ],
                "packageName": null
            },
            {
                "exported": true,
                "enabled": true,
                "name": "com.google.firebase.iid.FirebaseInstanceIdService",
                "process": null,
                "label": null,
                "type": "AndroidService",
                "intentFilters": [
                    {
                        "actions": [
                            "com.google.firebase.INSTANCE_ID_EVENT"
                        ],
                        "categories": [],
                        "scheme": null,
                        "host": null,
                        "port": null,
                        "path": null,
                        "pathPattern": null,
                        "pathPrefix": null,
                        "mimeType": null,
                        "priority": -500
                    }
                ],
                "packageName": null
            },
            {
                "exported": false,
                "enabled": true,
                "name": "com.entersekt.sdk.TransaktSDK",
                "process": null,
                "label": null,
                "type": "AndroidService",
                "intentFilters": [],
                "packageName": null
            },
            {
                "exported": true,
                "enabled": true,
                "name": "com.google.firebase.messaging.FirebaseMessagingService",
                "process": null,
                "label": null,
                "type": "AndroidService",
                "intentFilters": [
                    {
                        "actions": [
                            "com.google.firebase.MESSAGING_EVENT"
                        ],
                        "categories": [],
                        "scheme": null,
                        "host": null,
                        "port": null,
                        "path": null,
                        "pathPattern": null,
                        "pathPrefix": null,
                        "mimeType": null,
                        "priority": -500
                    }
                ],
                "packageName": null
            },
            {
                "exported": false,
                "enabled": true,
                "name": "com.google.android.gms.measurement.AppMeasurementService",
                "process": null,
                "label": null,
                "type": "AndroidService",
                "intentFilters": [],
                "packageName": null
            },
            {
                "exported": true,
                "enabled": true,
                "name": "com.ecobank.ecobankmobile.fcm.AppContainerMessagingService",
                "process": null,
                "label": null,
                "type": "AndroidService",
                "intentFilters": [
                    {
                        "actions": [
                            "com.google.firebase.MESSAGING_EVENT"
                        ],
                        "categories": [],
                        "scheme": null,
                        "host": null,
                        "port": null,
                        "path": null,
                        "pathPattern": null,
                        "pathPrefix": null,
                        "mimeType": null,
                        "priority": 0
                    }
                ],
                "packageName": null
            }
        ]
    },
    "comment": "",
    "jobResults": {
        "vulnerabilityFindings": [
            {
                "id": 12902891,
                "type": "IPC_Accessible_Service",
                "location": {
                    "type": "FileLocation",
                    "filePath": "AndroidManifest.xml",
                    "characterStart": 2896,
                    "characterLength": 0
                },
                "additionalData": [
                    {
                        "name": "Service",
                        "data": "com.ecobank.ecobankmobile.fcm.AppContainerMessagingService",
                        "path": null
                    }
                ],
                "dataflows": null,
                "libraryFinding": null,
                "severity": "MEDIUM",
                "category": "Inter-Component Communication",
                "description": "Services are a way to implement background tasks. These background tasks may perform sensible operations. Services that\nare accessible from any other app should usually be protected by permissions.",
                "mitigiation": "Use the <a target=\"_blank\" href=\"https://developer.android.com/guide/topics/manifest/service-element#prmsn\">Permission</a> attribute of the Service element to specify a permission the caller must have. This permission should be protected using the protection level <a target=\"_blank\" href=\"https://developer.android.com/guide/topics/manifest/permission-element#plevel\">Signature</a>.",
                "title": "\n\nPublicly Accessible Service\n\n\t",
                "findingInformation": null,
                "verification": null,
                "references": [
                    {
                        "shortDescription": "Defining permissions",
                        "type": "URLExternalReference",
                        "referenceGroup": {
                            "name": "Android Developer Guide",
                            "description": "The Android developer guides, available at the <a target=\"_blank\" href=\"https://developer.android.com\">Android Developer Homepage</a>"
                        },
                        "url": "https://developer.android.com/guide/topics/permissions/defining.html"
                    },
                    {
                        "shortDescription": "Protection level signature",
                        "type": "URLExternalReference",
                        "referenceGroup": {
                            "name": "Android Developer Guide",
                            "description": "The Android developer guides, available at the <a target=\"_blank\" href=\"https://developer.android.com\">Android Developer Homepage</a>"
                        },
                        "url": "https://developer.android.com/guide/topics/manifest/permission-element#plevel"
                    },
                    {
                        "shortDescription": "Service permission",
                        "type": "URLExternalReference",
                        "referenceGroup": {
                            "name": "Android Developer Guide",
                            "description": "The Android developer guides, available at the <a target=\"_blank\" href=\"https://developer.android.com\">Android Developer Homepage</a>"
                        },
                        "url": "https://developer.android.com/guide/topics/manifest/service-element#prmsn"
                    }
                ]
            },
            {
                "id": 12902893,
                "type": "IPC_Accessible_Service",
                "location": {
                    "type": "FileLocation",
                    "filePath": "AndroidManifest.xml",
                    "characterStart": 3142,
                    "characterLength": 0
                },
                "additionalData": [
                    {
                        "name": "Service",
                        "data": "com.ecobank.ecobankmobile.fcm.AppContainerInstanceIdService",
                        "path": null
                    }
                ],
                "dataflows": null,
                "libraryFinding": null,
                "severity": "MEDIUM",
                "category": "Inter-Component Communication",
                "description": "Services are a way to implement background tasks. These background tasks may perform sensible operations. Services that\nare accessible from any other app should usually be protected by permissions.",
                "mitigiation": "Use the <a target=\"_blank\" href=\"https://developer.android.com/guide/topics/manifest/service-element#prmsn\">Permission</a> attribute of the Service element to specify a permission the caller must have. This permission should be protected using the protection level <a target=\"_blank\" href=\"https://developer.android.com/guide/topics/manifest/permission-element#plevel\">Signature</a>.",
                "title": "\n\nPublicly Accessible Service\n\n\t",
                "findingInformation": null,
                "verification": null,
                "references": [
                    {
                        "shortDescription": "Defining permissions",
                        "type": "URLExternalReference",
                        "referenceGroup": {
                            "name": "Android Developer Guide",
                            "description": "The Android developer guides, available at the <a target=\"_blank\" href=\"https://developer.android.com\">Android Developer Homepage</a>"
                        },
                        "url": "https://developer.android.com/guide/topics/permissions/defining.html"
                    },
                    {
                        "shortDescription": "Protection level signature",
                        "type": "URLExternalReference",
                        "referenceGroup": {
                            "name": "Android Developer Guide",
                            "description": "The Android developer guides, available at the <a target=\"_blank\" href=\"https://developer.android.com\">Android Developer Homepage</a>"
                        },
                        "url": "https://developer.android.com/guide/topics/manifest/permission-element#plevel"
                    },
                    {
                        "shortDescription": "Service permission",
                        "type": "URLExternalReference",
                        "referenceGroup": {
                            "name": "Android Developer Guide",
                            "description": "The Android developer guides, available at the <a target=\"_blank\" href=\"https://developer.android.com\">Android Developer Homepage</a>"
                        },
                        "url": "https://developer.android.com/guide/topics/manifest/service-element#prmsn"
                    }
                ]
            },
            {
                "id": 12902961,
                "type": "JavaCodeSec_SetAccessible",
                "location": {
                    "type": "CodeLocation",
                    "id": 0,
                    "loopID": null,
                    "dataflow": null,
                    "codeLocationType": "Statement",
                    "className": "com.ecobank.ecobankmobile.ProtectedEcoBankApplication",
                    "memberName": "void onCreate()",
                    "statement": "virtualinvoke $Method6.<java.lang.reflect.Method: void setAccessible(boolean)>(true)",
                    "lineInIntermediateCode": 2633,
                    "lineInOriginalCode": null
                },
                "additionalData": null,
                "dataflows": null,
                "libraryFinding": null,
                "severity": "LOW",
                "category": "Java Code Security",
                "description": "The app uses reflection to access private methods or fields. Since private elements in libraries are assumed to not be accessed from\nthe outside, they can change between different versions of the library without notice. Consequently, accessing such elements can\nhinder the maintainability of the project. Furthermore, directly accessing private elements can circumvent security checks of the\npublic API. See\n<a target=\"_blank\" href=\"https://wiki.sei.cmu.edu/confluence/display/java/SEC05-J.+Do+not+use+reflection+to+increase+accessibility+of+classes%2C+methods%2C+or+fields\">this</a>\narticle in the SEI CERT Oracle Coding Standard for Java for further information.",
                "mitigiation": "Only use the public API of classes or libraries.",
                "title": "\n\nCode calls private methods or fields through reflection\n\n\t",
                "findingInformation": null,
                "verification": null,
                "references": [
                    {
                        "shortDescription": "SEI CERT SEC05-J: Do not use reflection to increase accessibility of classes, methods, or fields",
                        "type": "CatalogReference",
                        "referenceGroup": {
                            "name": "SEI CERT Oracle Coding Standard for Java",
                            "description": "The <a target=\"_blank\" href=\"https://wiki.sei.cmu.edu/confluence/display/java/SEI+CERT+Oracle+Coding+Standard+for+Java\">SEI CERT Oracle Coding Standard for Java</a>"
                        },
                        "url": "https://wiki.sei.cmu.edu/confluence/display/java/SEC05-J.+Do+not+use+reflection+to+increase+accessibility+of+classes%2C+methods%2C+or+fields",
                        "id": "SEC05-J"
                    }
                ]
            },
            {
                "id": 12902888,
                "type": "Permissions_UnusedPermissions",
                "location": {
                    "type": "FileLocation",
                    "filePath": "AndroidManifest.xml",
                    "characterStart": 0,
                    "characterLength": 0
                },
                "additionalData": [
                    {
                        "name": "Permission",
                        "data": "android.permission.INTERNET",
                        "path": null
                    },
                    {
                        "name": "Permission",
                        "data": "android.permission.WAKE_LOCK",
                        "path": null
                    }
                ],
                "dataflows": null,
                "libraryFinding": null,
                "severity": "LOW",
                "category": "Permissions",
                "description": "One or more permissions have been declared as used in the manifest file, but do not seem to be actually used by the\napplication.\nIn case a vulnerability exists that allows an attacker to inject code, the attacker can also use the permissions which\nare otherwise unused by the app.",
                "mitigiation": "Do not declare permissions with <i>uses-permission</i> which the application does not need to run.",
                "title": "\n\nUnused permissions\n\n\t",
                "findingInformation": null,
                "verification": null,
                "references": [
                    {
                        "shortDescription": "The app only requests the minimum set of permissions necessary.",
                        "type": "CatalogReference",
                        "referenceGroup": {
                            "name": "Mobile Application Security Verification Standard as defined by OWASP (Open Web Application Security Project)",
                            "description": "The OWASP security checklists for mobile apps, available at the <a target=\"_blank\" href=\"https://github.com/OWASP/owasp-masvs\">OWASP Homepage</a>"
                        },
                        "url": "https://github.com/OWASP/owasp-masvs/blob/master/Document/0x11-V6-Interaction_with_the_environment.md",
                        "id": "6.1"
                    },
                    {
                        "shortDescription": "All app components are identified and known to be needed.",
                        "type": "URLExternalReference",
                        "referenceGroup": {
                            "name": "Mobile Security Testing Guide as defined by OWASP (Open Web Application Security Project)",
                            "description": "The OWASP guideline documments for mobile apps, available at the <a target=\"_blank\" href=\"https://github.com/OWASP/owasp-mstg/tree/master/Document\">OWASP Homepage</a>"
                        },
                        "url": "https://github.com/OWASP/owasp-mstg/blob/master/Document/0x05h-Testing-Platform-Interaction.md#testing-app-permissions"
                    },
                    {
                        "shortDescription": "Applications must only request Use Permissions or grant Permissions that are required for execution purposes.",
                        "type": "CatalogReference",
                        "referenceGroup": {
                            "name": "Telekom requirements for Android applications",
                            "description": "The Telekom requirements for Android applications, available at the <a target=\"_blank\" href=\"https://www.telekom.com/en/corporate-responsibility/data-protection-data-security/security/details/privacy-and-security-assessment-process-358312\">Telekom Homepage</a>"
                        },
                        "url": "https://www.telekom.com/en/corporate-responsibility/data-protection-data-security/security/details/privacy-and-security-assessment-process-358312",
                        "id": "Requirement 3"
                    }
                ]
            },
            {
                "id": 12902885,
                "type": "Network_ClearTextTraffic",
                "location": {
                    "type": "FileLocation",
                    "filePath": "AndroidManifest.xml",
                    "characterStart": 1630,
                    "characterLength": 0
                },
                "additionalData": [
                    {
                        "name": "Reason",
                        "data": "When running under Android 8.1 Oreo (API level 27), cleartext traffic is allowed by default",
                        "path": null
                    }
                ],
                "dataflows": null,
                "libraryFinding": null,
                "severity": "MEDIUM",
                "category": "Network",
                "description": "Starting with Android 6.0 Marshmallow, Android has introduced a feature intended to disallow Apps to use cleartext traffic. Apps can\nopt out of this security feature through its security configuration file. However, this option should only be used if cleartext communication\nis absolutely required. Otherwise, apps should always communicate via secure protocols such as TLS.\nNote that WebView <a target=\"_blank\" href=\"https://developer.android.com/reference/android/security/NetworkSecurityPolicy.html#isCleartextTrafficPermitted()\">\ndoes not honor this flag</a>.",
                "mitigiation": "For security reasons, no cleartext traffic should be allowed in most cases. Exceptions to this rule are external sites that\ndon't provide an encryption channel. These unsecure domains should be whitelisted explicitly while a secure channel should\nbe expected for all other domains.\n<ul>\n<li>If cleartext traffic is generally not intended, set the <a target=\"_blank\" href=\"https://developer.android.com/guide/topics/manifest/application-element.html#usesCleartextTraffic\">android:usesCleartextTraffic</a> attribute to false in the application element.</li>\n<li>If cleartext traffic should be allowed for certain domains, a <a target=\"_blank\" href=\"https://developer.android.com/training/articles/security-config.html\">Network Security Configuration</a> should be used. \nIn order to use configuration file, <a target=\"_blank\" href=\"https://developer.android.com/guide/topics/manifest/application-element.html#networkSecurityConfig\"> specify in the Android manifest where the file is located</a>. \nA network security configuration overrides the <a target=\"_blank\" href=\"https://developer.android.com/guide/topics/manifest/application-element.html#usesCleartextTraffic\">android:usesCleartextTraffic</a> attribute.</li>\n</ul>",
                "title": "\n\nCleartext traffic allowed\n\n\t",
                "findingInformation": null,
                "verification": null,
                "references": [
                    {
                        "shortDescription": "android:usesCleartextTraffic",
                        "type": "URLExternalReference",
                        "referenceGroup": {
                            "name": "Android Developer Guide",
                            "description": "The Android developer guides, available at the <a target=\"_blank\" href=\"https://developer.android.com\">Android Developer Homepage</a>"
                        },
                        "url": "https://developer.android.com/guide/topics/manifest/application-element.html#usesCleartextTraffic"
                    },
                    {
                        "shortDescription": "Network Security Config",
                        "type": "URLExternalReference",
                        "referenceGroup": {
                            "name": "Android Developer Guide",
                            "description": "The Android developer guides, available at the <a target=\"_blank\" href=\"https://developer.android.com\">Android Developer Homepage</a>"
                        },
                        "url": "https://developer.android.com/training/articles/security-config.html"
                    },
                    {
                        "shortDescription": "Network Security Config",
                        "type": "URLExternalReference",
                        "referenceGroup": {
                            "name": "Android Developer Guide",
                            "description": "The Android developer guides, available at the <a target=\"_blank\" href=\"https://developer.android.com\">Android Developer Homepage</a>"
                        },
                        "url": "https://developer.android.com/guide/topics/manifest/application-element.html#networkSecurityConfig"
                    },
                    {
                        "shortDescription": "android:usesCleartextTraffic",
                        "type": "URLExternalReference",
                        "referenceGroup": {
                            "name": "Android Developer Guide",
                            "description": "The Android developer guides, available at the <a target=\"_blank\" href=\"https://developer.android.com\">Android Developer Homepage</a>"
                        },
                        "url": "https://developer.android.com/guide/topics/manifest/application-element.html#usesCleartextTraffic"
                    },
                    {
                        "shortDescription": "Data is encrypted on the network using TLS. The secure channel is used consistently throughout the app.",
                        "type": "CatalogReference",
                        "referenceGroup": {
                            "name": "Mobile Application Security Verification Standard as defined by OWASP (Open Web Application Security Project)",
                            "description": "The OWASP security checklists for mobile apps, available at the <a target=\"_blank\" href=\"https://github.com/OWASP/owasp-masvs\">OWASP Homepage</a>"
                        },
                        "url": "https://github.com/OWASP/owasp-masvs/blob/master/Document/0x10-V5-Network_communication_requirements.md",
                        "id": "5.1"
                    },
                    {
                        "shortDescription": "Guide on how to test for data encryption",
                        "type": "URLExternalReference",
                        "referenceGroup": {
                            "name": "Mobile Security Testing Guide as defined by OWASP (Open Web Application Security Project)",
                            "description": "The OWASP guideline documments for mobile apps, available at the <a target=\"_blank\" href=\"https://github.com/OWASP/owasp-mstg/tree/master/Document\">OWASP Homepage</a>"
                        },
                        "url": "https://github.com/OWASP/owasp-mstg/blob/master/Document/0x04f-Testing-Network-Communication.md#verifying-data-encryption-on-the-network"
                    }
                ]
            }
        ],
        "informationFindings": null,
        "communications": null,
        "residualData": [
            {
                "type": {
                    "id": "DeveloperOS",
                    "description": "Information pointing to the developer's operating system has been discovered. This is not critical, but could reveal\n\t\t\t\tinformation that should not be public.",
                    "shortDescription": "Developer Operating System"
                },
                "location": "Plib/armeabi/libstlport_shared.so",
                "value": "Linux",
                "geoLocation": null
            },
            {
                "type": {
                    "id": "SystemPath",
                    "description": "A system path has been found in code or in a file. This could reveal information that should not be public. This \n\t\t\t\tinformation could be exploited in a social engineering attack.",
                    "shortDescription": "System path"
                },
                "location": "Plib/armeabi/libstlport_shared.so",
                "value": "/tmp/ndk-andrewhsieh/tmp/build-24347/build-stlport/ndk/sources/cxx-stl/gabi++/src/dynamic_cast.cc",
                "geoLocation": null
            },
            {
                "type": {
                    "id": "DeveloperOS",
                    "description": "Information pointing to the developer's operating system has been discovered. This is not critical, but could reveal\n\t\t\t\tinformation that should not be public.",
                    "shortDescription": "Developer Operating System"
                },
                "location": "Plib/armeabi/libstlport_shared.so",
                "value": "Linux",
                "geoLocation": null
            },
            {
                "type": {
                    "id": "SystemPath",
                    "description": "A system path has been found in code or in a file. This could reveal information that should not be public. This \n\t\t\t\tinformation could be exploited in a social engineering attack.",
                    "shortDescription": "System path"
                },
                "location": "Plib/armeabi/libstlport_shared.so",
                "value": "/tmp/ndk-andrewhsieh/tmp/build-24347/build-stlport/ndk/sources/cxx-stl/gabi++/src/vmi_class_type_info.cc",
                "geoLocation": null
            },
            {
                "type": {
                    "id": "SystemPath",
                    "description": "A system path has been found in code or in a file. This could reveal information that should not be public. This \n\t\t\t\tinformation could be exploited in a social engineering attack.",
                    "shortDescription": "System path"
                },
                "location": "Plib/armeabi-v7a/libstlport_shared.so",
                "value": "/tmp/ndk-andrewhsieh/tmp/build-24347/build-stlport/ndk/sources/cxx-stl/gabi++/src/dynamic_cast.cc",
                "geoLocation": null
            },
            {
                "type": {
                    "id": "DeveloperOS",
                    "description": "Information pointing to the developer's operating system has been discovered. This is not critical, but could reveal\n\t\t\t\tinformation that should not be public.",
                    "shortDescription": "Developer Operating System"
                },
                "location": "Plib/armeabi-v7a/libstlport_shared.so",
                "value": "Linux",
                "geoLocation": null
            },
            {
                "type": {
                    "id": "SystemPath",
                    "description": "A system path has been found in code or in a file. This could reveal information that should not be public. This \n\t\t\t\tinformation could be exploited in a social engineering attack.",
                    "shortDescription": "System path"
                },
                "location": "Plib/armeabi-v7a/libstlport_shared.so",
                "value": "/tmp/ndk-andrewhsieh/tmp/build-24347/build-stlport/ndk/sources/cxx-stl/gabi++/src/vmi_class_type_info.cc",
                "geoLocation": null
            },
            {
                "type": {
                    "id": "DeveloperOS",
                    "description": "Information pointing to the developer's operating system has been discovered. This is not critical, but could reveal\n\t\t\t\tinformation that should not be public.",
                    "shortDescription": "Developer Operating System"
                },
                "location": "Plib/armeabi-v7a/libstlport_shared.so",
                "value": "Linux",
                "geoLocation": null
            },
            {
                "type": {
                    "id": "SystemPath",
                    "description": "A system path has been found in code or in a file. This could reveal information that should not be public. This \n\t\t\t\tinformation could be exploited in a social engineering attack.",
                    "shortDescription": "System path"
                },
                "location": "Plib/x86/libstlport_shared.so",
                "value": "/tmp/ndk-andrewhsieh/tmp/build-24347/build-stlport/ndk/sources/cxx-stl/gabi++/src/dynamic_cast.cc",
                "geoLocation": null
            },
            {
                "type": {
                    "id": "DeveloperOS",
                    "description": "Information pointing to the developer's operating system has been discovered. This is not critical, but could reveal\n\t\t\t\tinformation that should not be public.",
                    "shortDescription": "Developer Operating System"
                },
                "location": "Plib/x86/libstlport_shared.so",
                "value": "Linux",
                "geoLocation": null
            },
            {
                "type": {
                    "id": "DeveloperOS",
                    "description": "Information pointing to the developer's operating system has been discovered. This is not critical, but could reveal\n\t\t\t\tinformation that should not be public.",
                    "shortDescription": "Developer Operating System"
                },
                "location": "Plib/x86/libstlport_shared.so",
                "value": "Linux",
                "geoLocation": null
            },
            {
                "type": {
                    "id": "SystemPath",
                    "description": "A system path has been found in code or in a file. This could reveal information that should not be public. This \n\t\t\t\tinformation could be exploited in a social engineering attack.",
                    "shortDescription": "System path"
                },
                "location": "Plib/x86/libstlport_shared.so",
                "value": "/tmp/ndk-andrewhsieh/tmp/build-24347/build-stlport/ndk/sources/cxx-stl/gabi++/src/vmi_class_type_info.cc",
                "geoLocation": null
            },
            {
                "type": {
                    "id": "DeveloperOS",
                    "description": "Information pointing to the developer's operating system has been discovered. This is not critical, but could reveal\n\t\t\t\tinformation that should not be public.",
                    "shortDescription": "Developer Operating System"
                },
                "location": "Padditional/lib/armeabi/libstlport_shared.so",
                "value": "Linux",
                "geoLocation": null
            },
            {
                "type": {
                    "id": "SystemPath",
                    "description": "A system path has been found in code or in a file. This could reveal information that should not be public. This \n\t\t\t\tinformation could be exploited in a social engineering attack.",
                    "shortDescription": "System path"
                },
                "location": "Padditional/lib/armeabi/libstlport_shared.so",
                "value": "/tmp/ndk-andrewhsieh/tmp/build-24347/build-stlport/ndk/sources/cxx-stl/gabi++/src/dynamic_cast.cc",
                "geoLocation": null
            },
            {
                "type": {
                    "id": "DeveloperOS",
                    "description": "Information pointing to the developer's operating system has been discovered. This is not critical, but could reveal\n\t\t\t\tinformation that should not be public.",
                    "shortDescription": "Developer Operating System"
                },
                "location": "Padditional/lib/armeabi/libstlport_shared.so",
                "value": "Linux",
                "geoLocation": null
            },
            {
                "type": {
                    "id": "SystemPath",
                    "description": "A system path has been found in code or in a file. This could reveal information that should not be public. This \n\t\t\t\tinformation could be exploited in a social engineering attack.",
                    "shortDescription": "System path"
                },
                "location": "Padditional/lib/armeabi/libstlport_shared.so",
                "value": "/tmp/ndk-andrewhsieh/tmp/build-24347/build-stlport/ndk/sources/cxx-stl/gabi++/src/vmi_class_type_info.cc",
                "geoLocation": null
            },
            {
                "type": {
                    "id": "SystemPath",
                    "description": "A system path has been found in code or in a file. This could reveal information that should not be public. This \n\t\t\t\tinformation could be exploited in a social engineering attack.",
                    "shortDescription": "System path"
                },
                "location": "Padditional/lib/armeabi-v7a/libstlport_shared.so",
                "value": "/tmp/ndk-andrewhsieh/tmp/build-24347/build-stlport/ndk/sources/cxx-stl/gabi++/src/dynamic_cast.cc",
                "geoLocation": null
            },
            {
                "type": {
                    "id": "DeveloperOS",
                    "description": "Information pointing to the developer's operating system has been discovered. This is not critical, but could reveal\n\t\t\t\tinformation that should not be public.",
                    "shortDescription": "Developer Operating System"
                },
                "location": "Padditional/lib/armeabi-v7a/libstlport_shared.so",
                "value": "Linux",
                "geoLocation": null
            },
            {
                "type": {
                    "id": "SystemPath",
                    "description": "A system path has been found in code or in a file. This could reveal information that should not be public. This \n\t\t\t\tinformation could be exploited in a social engineering attack.",
                    "shortDescription": "System path"
                },
                "location": "Padditional/lib/armeabi-v7a/libstlport_shared.so",
                "value": "/tmp/ndk-andrewhsieh/tmp/build-24347/build-stlport/ndk/sources/cxx-stl/gabi++/src/vmi_class_type_info.cc",
                "geoLocation": null
            },
            {
                "type": {
                    "id": "DeveloperOS",
                    "description": "Information pointing to the developer's operating system has been discovered. This is not critical, but could reveal\n\t\t\t\tinformation that should not be public.",
                    "shortDescription": "Developer Operating System"
                },
                "location": "Padditional/lib/armeabi-v7a/libstlport_shared.so",
                "value": "Linux",
                "geoLocation": null
            },
            {
                "type": {
                    "id": "DeveloperOS",
                    "description": "Information pointing to the developer's operating system has been discovered. This is not critical, but could reveal\n\t\t\t\tinformation that should not be public.",
                    "shortDescription": "Developer Operating System"
                },
                "location": "Padditional/lib/x86/libstlport_shared.so",
                "value": "Linux",
                "geoLocation": null
            },
            {
                "type": {
                    "id": "SystemPath",
                    "description": "A system path has been found in code or in a file. This could reveal information that should not be public. This \n\t\t\t\tinformation could be exploited in a social engineering attack.",
                    "shortDescription": "System path"
                },
                "location": "Padditional/lib/x86/libstlport_shared.so",
                "value": "/tmp/ndk-andrewhsieh/tmp/build-24347/build-stlport/ndk/sources/cxx-stl/gabi++/src/dynamic_cast.cc",
                "geoLocation": null
            },
            {
                "type": {
                    "id": "DeveloperOS",
                    "description": "Information pointing to the developer's operating system has been discovered. This is not critical, but could reveal\n\t\t\t\tinformation that should not be public.",
                    "shortDescription": "Developer Operating System"
                },
                "location": "Padditional/lib/x86/libstlport_shared.so",
                "value": "Linux",
                "geoLocation": null
            },
            {
                "type": {
                    "id": "SystemPath",
                    "description": "A system path has been found in code or in a file. This could reveal information that should not be public. This \n\t\t\t\tinformation could be exploited in a social engineering attack.",
                    "shortDescription": "System path"
                },
                "location": "Padditional/lib/x86/libstlport_shared.so",
                "value": "/tmp/ndk-andrewhsieh/tmp/build-24347/build-stlport/ndk/sources/cxx-stl/gabi++/src/vmi_class_type_info.cc",
                "geoLocation": null
            }
        ],
        "usedLibraries": [
            {
                "id": 12902923,
                "name": "MXP1: Xml Pull Parser 3rd Edition (XPP3)",
                "type": "UsedMavenLibrary",
                "location": {
                    "type": "CodeLocation",
                    "id": 0,
                    "loopID": null,
                    "dataflow": null,
                    "codeLocationType": "Class",
                    "className": "org.xmlpull.v1.XmlPullParserException",
                    "memberName": null,
                    "statement": null,
                    "lineInIntermediateCode": null,
                    "lineInOriginalCode": null
                },
                "version": null,
                "latestKnownVersion": null,
                "versionCertainty": 0,
                "cveInformation": null,
                "licenses": [],
                "mavenArtifactId": "xpp3",
                "mavenGroupId": "xpp3"
            },
            {
                "id": 12902903,
                "name": "scala-java-time",
                "type": "UsedMavenLibrary",
                "location": {
                    "type": "CodeLocation",
                    "id": 0,
                    "loopID": null,
                    "dataflow": null,
                    "codeLocationType": "Class",
                    "className": "java.time.LocalTime",
                    "memberName": null,
                    "statement": null,
                    "lineInIntermediateCode": null,
                    "lineInOriginalCode": null
                },
                "version": null,
                "latestKnownVersion": null,
                "versionCertainty": 0,
                "cveInformation": null,
                "licenses": [],
                "mavenArtifactId": "scala-java-time_sjs0.6_2.12",
                "mavenGroupId": "io.github.cquiroz"
            },
            {
                "id": 12902924,
                "name": "commons-lang:commons-lang",
                "type": "UsedMavenLibrary",
                "location": {
                    "type": "CodeLocation",
                    "id": 0,
                    "loopID": null,
                    "dataflow": null,
                    "codeLocationType": "Class",
                    "className": "org.apache.commons.lang.StringEscapeUtils",
                    "memberName": null,
                    "statement": null,
                    "lineInIntermediateCode": null,
                    "lineInOriginalCode": null
                },
                "version": null,
                "latestKnownVersion": null,
                "versionCertainty": 0,
                "cveInformation": null,
                "licenses": [],
                "mavenArtifactId": "commons-lang",
                "mavenGroupId": "commons-lang"
            },
            {
                "id": 12902899,
                "name": "Codec",
                "type": "UsedMavenLibrary",
                "location": {
                    "type": "CodeLocation",
                    "id": 0,
                    "loopID": null,
                    "dataflow": null,
                    "codeLocationType": "Class",
                    "className": "org.apache.commons.codec.binary.Base32",
                    "memberName": null,
                    "statement": null,
                    "lineInIntermediateCode": null,
                    "lineInOriginalCode": null
                },
                "version": null,
                "latestKnownVersion": null,
                "versionCertainty": 0,
                "cveInformation": null,
                "licenses": [],
                "mavenArtifactId": "commons-codec",
                "mavenGroupId": "commons-codec"
            },
            {
                "id": 12902934,
                "name": "Apache HttpClient Fluent API",
                "type": "UsedMavenLibrary",
                "location": {
                    "type": "CodeLocation",
                    "id": 0,
                    "loopID": null,
                    "dataflow": null,
                    "codeLocationType": "Class",
                    "className": "org.apache.http.client.fluent.Response",
                    "memberName": null,
                    "statement": null,
                    "lineInIntermediateCode": null,
                    "lineInOriginalCode": null
                },
                "version": null,
                "latestKnownVersion": null,
                "versionCertainty": 0,
                "cveInformation": null,
                "licenses": [],
                "mavenArtifactId": "fluent-hc",
                "mavenGroupId": "org.apache.httpcomponents"
            },
            {
                "id": 12902898,
                "name": "Apache Commons Email",
                "type": "UsedMavenLibrary",
                "location": {
                    "type": "CodeLocation",
                    "id": 0,
                    "loopID": null,
                    "dataflow": null,
                    "codeLocationType": "Class",
                    "className": "org.apache.commons.mail.MultiPartEmail",
                    "memberName": null,
                    "statement": null,
                    "lineInIntermediateCode": null,
                    "lineInOriginalCode": null
                },
                "version": null,
                "latestKnownVersion": null,
                "versionCertainty": 0,
                "cveInformation": null,
                "licenses": [],
                "mavenArtifactId": "commons-email",
                "mavenGroupId": "org.apache.commons"
            },
            {
                "id": 12902911,
                "name": "OkHTTP3",
                "type": "UsedLibrary",
                "location": null,
                "version": null,
                "latestKnownVersion": null,
                "versionCertainty": 0,
                "cveInformation": null,
                "licenses": []
            },
            {
                "id": 12902905,
                "name": "com.android.support:support-compat",
                "type": "UsedMavenLibrary",
                "location": {
                    "type": "CodeLocation",
                    "id": 0,
                    "loopID": null,
                    "dataflow": null,
                    "codeLocationType": "Class",
                    "className": "android.support.v4.widget.Space",
                    "memberName": null,
                    "statement": null,
                    "lineInIntermediateCode": null,
                    "lineInOriginalCode": null
                },
                "version": null,
                "latestKnownVersion": null,
                "versionCertainty": 0,
                "cveInformation": null,
                "licenses": [],
                "mavenArtifactId": "support-compat",
                "mavenGroupId": "com.android.support"
            },
            {
                "id": 12902925,
                "name": "Google Android Library",
                "type": "UsedMavenLibrary",
                "location": {
                    "type": "CodeLocation",
                    "id": 0,
                    "loopID": null,
                    "dataflow": null,
                    "codeLocationType": "Class",
                    "className": "android.view.WindowManager$InvalidDisplayException",
                    "memberName": null,
                    "statement": null,
                    "lineInIntermediateCode": null,
                    "lineInOriginalCode": null
                },
                "version": null,
                "latestKnownVersion": null,
                "versionCertainty": 0,
                "cveInformation": null,
                "licenses": [],
                "mavenArtifactId": "android",
                "mavenGroupId": "com.google.android"
            },
            {
                "id": 12902927,
                "name": "Guava: Google Core Libraries for Java",
                "type": "UsedMavenLibrary",
                "location": {
                    "type": "CodeLocation",
                    "id": 0,
                    "loopID": null,
                    "dataflow": null,
                    "codeLocationType": "Class",
                    "className": "com.google.common.math.IntMath",
                    "memberName": null,
                    "statement": null,
                    "lineInIntermediateCode": null,
                    "lineInOriginalCode": null
                },
                "version": null,
                "latestKnownVersion": null,
                "versionCertainty": 0,
                "cveInformation": null,
                "licenses": [],
                "mavenArtifactId": "guava",
                "mavenGroupId": "com.google.guava"
            },
            {
                "id": 12902904,
                "name": "Annotated JDK 8",
                "type": "UsedMavenLibrary",
                "location": {
                    "type": "CodeLocation",
                    "id": 0,
                    "loopID": null,
                    "dataflow": null,
                    "codeLocationType": "Class",
                    "className": "sun.nio.ch.DirectBuffer",
                    "memberName": null,
                    "statement": null,
                    "lineInIntermediateCode": null,
                    "lineInOriginalCode": null
                },
                "version": null,
                "latestKnownVersion": null,
                "versionCertainty": 0,
                "cveInformation": null,
                "licenses": [],
                "mavenArtifactId": "jdk8",
                "mavenGroupId": "org.checkerframework"
            },
            {
                "id": 12902900,
                "name": "Apache HttpClient Mime",
                "type": "UsedMavenLibrary",
                "location": {
                    "type": "CodeLocation",
                    "id": 0,
                    "loopID": null,
                    "dataflow": null,
                    "codeLocationType": "Class",
                    "className": "org.apache.http.entity.mime.content.StringBody",
                    "memberName": null,
                    "statement": null,
                    "lineInIntermediateCode": null,
                    "lineInOriginalCode": null
                },
                "version": null,
                "latestKnownVersion": null,
                "versionCertainty": 0,
                "cveInformation": null,
                "licenses": [],
                "mavenArtifactId": "httpmime",
                "mavenGroupId": "org.apache.httpcomponents"
            },
            {
                "id": 12902920,
                "name": "AspectJ tools",
                "type": "UsedMavenLibrary",
                "location": {
                    "type": "CodeLocation",
                    "id": 0,
                    "loopID": null,
                    "dataflow": null,
                    "codeLocationType": "Class",
                    "className": "org.eclipse.core.runtime.Plugin",
                    "memberName": null,
                    "statement": null,
                    "lineInIntermediateCode": null,
                    "lineInOriginalCode": null
                },
                "version": null,
                "latestKnownVersion": null,
                "versionCertainty": 0,
                "cveInformation": null,
                "licenses": [],
                "mavenArtifactId": "aspectjtools",
                "mavenGroupId": "org.aspectj"
            },
            {
                "id": 12902914,
                "name": "com.android.support:appcompat-v7",
                "type": "UsedMavenLibrary",
                "location": {
                    "type": "CodeLocation",
                    "id": 0,
                    "loopID": null,
                    "dataflow": null,
                    "codeLocationType": "Class",
                    "className": "android.support.v7.view.menu.ActionMenuItemView",
                    "memberName": null,
                    "statement": null,
                    "lineInIntermediateCode": null,
                    "lineInOriginalCode": null
                },
                "version": null,
                "latestKnownVersion": null,
                "versionCertainty": 0,
                "cveInformation": null,
                "licenses": [],
                "mavenArtifactId": "appcompat-v7",
                "mavenGroupId": "com.android.support"
            },
            {
                "id": 12902895,
                "name": "Apache Commons Lang",
                "type": "UsedMavenLibrary",
                "location": {
                    "type": "CodeLocation",
                    "id": 0,
                    "loopID": null,
                    "dataflow": null,
                    "codeLocationType": "Class",
                    "className": "org.apache.commons.lang3.StringUtils",
                    "memberName": null,
                    "statement": null,
                    "lineInIntermediateCode": null,
                    "lineInOriginalCode": null
                },
                "version": null,
                "latestKnownVersion": null,
                "versionCertainty": 0,
                "cveInformation": null,
                "licenses": [],
                "mavenArtifactId": "commons-lang3",
                "mavenGroupId": "org.apache.commons"
            },
            {
                "id": 12902896,
                "name": "Joda-Time",
                "type": "UsedMavenLibrary",
                "location": {
                    "type": "CodeLocation",
                    "id": 0,
                    "loopID": null,
                    "dataflow": null,
                    "codeLocationType": "Class",
                    "className": "org.joda.time.DateTimeZone",
                    "memberName": null,
                    "statement": null,
                    "lineInIntermediateCode": null,
                    "lineInOriginalCode": null
                },
                "version": null,
                "latestKnownVersion": null,
                "versionCertainty": 0,
                "cveInformation": null,
                "licenses": [],
                "mavenArtifactId": "joda-time",
                "mavenGroupId": "joda-time"
            },
            {
                "id": 12902913,
                "name": "com.crashlytics.sdk.android.crashlytics-core",
                "type": "UsedLibrary",
                "location": {
                    "type": "FileLocation",
                    "filePath": "com.crashlytics.sdk.android.crashlytics-core.properties",
                    "characterStart": 0,
                    "characterLength": 0
                },
                "version": "2.3.10",
                "latestKnownVersion": null,
                "versionCertainty": 0,
                "cveInformation": null,
                "licenses": []
            },
            {
                "id": 12902933,
                "name": "RoboVM Runtime Library",
                "type": "UsedMavenLibrary",
                "location": {
                    "type": "CodeLocation",
                    "id": 0,
                    "loopID": null,
                    "dataflow": null,
                    "codeLocationType": "Class",
                    "className": "java.util.zip.CRC32",
                    "memberName": null,
                    "statement": null,
                    "lineInIntermediateCode": null,
                    "lineInOriginalCode": null
                },
                "version": null,
                "latestKnownVersion": null,
                "versionCertainty": 0,
                "cveInformation": null,
                "licenses": [],
                "mavenArtifactId": "robovm-rt",
                "mavenGroupId": "com.mobidevelop.robovm"
            },
            {
                "id": 12902935,
                "name": "Asynchronous Http Client",
                "type": "UsedMavenLibrary",
                "location": {
                    "type": "CodeLocation",
                    "id": 0,
                    "loopID": null,
                    "dataflow": null,
                    "codeLocationType": "Class",
                    "className": "com.ning.http.client.Response",
                    "memberName": null,
                    "statement": null,
                    "lineInIntermediateCode": null,
                    "lineInOriginalCode": null
                },
                "version": null,
                "latestKnownVersion": null,
                "versionCertainty": 0,
                "cveInformation": null,
                "licenses": [],
                "mavenArtifactId": "async-http-client",
                "mavenGroupId": "com.ning"
            },
            {
                "id": 12902936,
                "name": "JCStress Harness Core",
                "type": "UsedMavenLibrary",
                "location": {
                    "type": "CodeLocation",
                    "id": 0,
                    "loopID": null,
                    "dataflow": null,
                    "codeLocationType": "Class",
                    "className": "sun.misc.Unsafe",
                    "memberName": null,
                    "statement": null,
                    "lineInIntermediateCode": null,
                    "lineInOriginalCode": null
                },
                "version": null,
                "latestKnownVersion": null,
                "versionCertainty": 0,
                "cveInformation": null,
                "licenses": [],
                "mavenArtifactId": "jcstress-core",
                "mavenGroupId": "org.openjdk.jcstress"
            },
            {
                "id": 12902929,
                "name": "unirest-java",
                "type": "UsedMavenLibrary",
                "location": {
                    "type": "CodeLocation",
                    "id": 0,
                    "loopID": null,
                    "dataflow": null,
                    "codeLocationType": "Class",
                    "className": "com.mashape.unirest.http.HttpResponse",
                    "memberName": null,
                    "statement": null,
                    "lineInIntermediateCode": null,
                    "lineInOriginalCode": null
                },
                "version": null,
                "latestKnownVersion": null,
                "versionCertainty": 0,
                "cveInformation": null,
                "licenses": [],
                "mavenArtifactId": "unirest-java",
                "mavenGroupId": "com.mashape.unirest"
            },
            {
                "id": 12902921,
                "name": "Okio",
                "type": "UsedLibrary",
                "location": null,
                "version": null,
                "latestKnownVersion": null,
                "versionCertainty": 0,
                "cveInformation": null,
                "licenses": []
            },
            {
                "id": 12902919,
                "name": "Google HTTP Client Library for Java",
                "type": "UsedMavenLibrary",
                "location": {
                    "type": "CodeLocation",
                    "id": 0,
                    "loopID": null,
                    "dataflow": null,
                    "codeLocationType": "Class",
                    "className": "com.google.api.client.http.HttpResponse",
                    "memberName": null,
                    "statement": null,
                    "lineInIntermediateCode": null,
                    "lineInOriginalCode": null
                },
                "version": null,
                "latestKnownVersion": null,
                "versionCertainty": 0,
                "cveInformation": null,
                "licenses": [],
                "mavenArtifactId": "google-http-client",
                "mavenGroupId": "com.google.http-client"
            },
            {
                "id": 12902897,
                "name": "Apache Log4j API",
                "type": "UsedMavenLibrary",
                "location": {
                    "type": "CodeLocation",
                    "id": 0,
                    "loopID": null,
                    "dataflow": null,
                    "codeLocationType": "Class",
                    "className": "org.apache.logging.log4j.util.Strings",
                    "memberName": null,
                    "statement": null,
                    "lineInIntermediateCode": null,
                    "lineInOriginalCode": null
                },
                "version": null,
                "latestKnownVersion": null,
                "versionCertainty": 0,
                "cveInformation": null,
                "licenses": [],
                "mavenArtifactId": "log4j-api",
                "mavenGroupId": "org.apache.logging.log4j"
            },
            {
                "id": 12902912,
                "name": "com.android.support:multidex",
                "type": "UsedMavenLibrary",
                "location": {
                    "type": "CodeLocation",
                    "id": 0,
                    "loopID": null,
                    "dataflow": null,
                    "codeLocationType": "Class",
                    "className": "android.support.multidex.MultiDex$V14",
                    "memberName": null,
                    "statement": null,
                    "lineInIntermediateCode": null,
                    "lineInOriginalCode": null
                },
                "version": null,
                "latestKnownVersion": null,
                "versionCertainty": 0,
                "cveInformation": null,
                "licenses": [],
                "mavenArtifactId": "multidex",
                "mavenGroupId": "com.android.support"
            },
            {
                "id": 12902926,
                "name": "Jetty :: Asynchronous HTTP Client",
                "type": "UsedMavenLibrary",
                "location": {
                    "type": "CodeLocation",
                    "id": 0,
                    "loopID": null,
                    "dataflow": null,
                    "codeLocationType": "Class",
                    "className": "org.eclipse.jetty.client.api.ContentResponse",
                    "memberName": null,
                    "statement": null,
                    "lineInIntermediateCode": null,
                    "lineInOriginalCode": null
                },
                "version": null,
                "latestKnownVersion": null,
                "versionCertainty": 0,
                "cveInformation": null,
                "licenses": [],
                "mavenArtifactId": "jetty-client",
                "mavenGroupId": "org.eclipse.jetty"
            },
            {
                "id": 12902907,
                "name": "Apache HttpCore",
                "type": "UsedMavenLibrary",
                "location": {
                    "type": "CodeLocation",
                    "id": 0,
                    "loopID": null,
                    "dataflow": null,
                    "codeLocationType": "Class",
                    "className": "org.apache.http.message.AbstractHttpMessage",
                    "memberName": null,
                    "statement": null,
                    "lineInIntermediateCode": null,
                    "lineInOriginalCode": null
                },
                "version": null,
                "latestKnownVersion": null,
                "versionCertainty": 0,
                "cveInformation": null,
                "licenses": [],
                "mavenArtifactId": "httpcore",
                "mavenGroupId": "org.apache.httpcomponents"
            },
            {
                "id": 12902915,
                "name": "Scala Native nativelib",
                "type": "UsedMavenLibrary",
                "location": {
                    "type": "CodeLocation",
                    "id": 0,
                    "loopID": null,
                    "dataflow": null,
                    "codeLocationType": "Class",
                    "className": "java.lang.InternalError",
                    "memberName": null,
                    "statement": null,
                    "lineInIntermediateCode": null,
                    "lineInOriginalCode": null
                },
                "version": null,
                "latestKnownVersion": null,
                "versionCertainty": 0,
                "cveInformation": null,
                "licenses": [],
                "mavenArtifactId": "nativelib_native0.3_2.11",
                "mavenGroupId": "org.scala-native"
            },
            {
                "id": 12902922,
                "name": "Google Android Library Test Framework",
                "type": "UsedMavenLibrary",
                "location": {
                    "type": "CodeLocation",
                    "id": 0,
                    "loopID": null,
                    "dataflow": null,
                    "codeLocationType": "Class",
                    "className": "android.test.mock.MockContentResolver",
                    "memberName": null,
                    "statement": null,
                    "lineInIntermediateCode": null,
                    "lineInOriginalCode": null
                },
                "version": null,
                "latestKnownVersion": null,
                "versionCertainty": 0,
                "cveInformation": null,
                "licenses": [],
                "mavenArtifactId": "android-test",
                "mavenGroupId": "com.google.android"
            },
            {
                "id": 12902931,
                "name": "Apache HttpClient",
                "type": "UsedMavenLibrary",
                "location": {
                    "type": "CodeLocation",
                    "id": 0,
                    "loopID": null,
                    "dataflow": null,
                    "codeLocationType": "Class",
                    "className": "org.apache.http.impl.client.SystemDefaultHttpClient",
                    "memberName": null,
                    "statement": null,
                    "lineInIntermediateCode": null,
                    "lineInOriginalCode": null
                },
                "version": null,
                "latestKnownVersion": null,
                "versionCertainty": 0,
                "cveInformation": null,
                "licenses": [],
                "mavenArtifactId": "httpclient",
                "mavenGroupId": "org.apache.httpcomponents"
            },
            {
                "id": 12902918,
                "name": "xml-apis:xml-apis",
                "type": "UsedMavenLibrary",
                "location": {
                    "type": "CodeLocation",
                    "id": 0,
                    "loopID": null,
                    "dataflow": null,
                    "codeLocationType": "Class",
                    "className": "org.xml.sax.InputSource",
                    "memberName": null,
                    "statement": null,
                    "lineInIntermediateCode": null,
                    "lineInOriginalCode": null
                },
                "version": null,
                "latestKnownVersion": null,
                "versionCertainty": 0,
                "cveInformation": null,
                "licenses": [],
                "mavenArtifactId": "xml-apis",
                "mavenGroupId": "xml-apis"
            },
            {
                "id": 12902909,
                "name": "JSON in Java",
                "type": "UsedMavenLibrary",
                "location": {
                    "type": "CodeLocation",
                    "id": 0,
                    "loopID": null,
                    "dataflow": null,
                    "codeLocationType": "Class",
                    "className": "org.json.JSONObject",
                    "memberName": null,
                    "statement": null,
                    "lineInIntermediateCode": null,
                    "lineInOriginalCode": null
                },
                "version": null,
                "latestKnownVersion": null,
                "versionCertainty": 0,
                "cveInformation": null,
                "licenses": [],
                "mavenArtifactId": "json",
                "mavenGroupId": "org.json"
            },
            {
                "id": 12902916,
                "name": "HttpClient Android Library",
                "type": "UsedMavenLibrary",
                "location": {
                    "type": "CodeLocation",
                    "id": 0,
                    "loopID": null,
                    "dataflow": null,
                    "codeLocationType": "Class",
                    "className": "cz.msebera.android.httpclient.util.EntityUtils",
                    "memberName": null,
                    "statement": null,
                    "lineInIntermediateCode": null,
                    "lineInOriginalCode": null
                },
                "version": null,
                "latestKnownVersion": null,
                "versionCertainty": 0,
                "cveInformation": null,
                "licenses": [],
                "mavenArtifactId": "httpclient",
                "mavenGroupId": "cz.msebera.android"
            },
            {
                "id": 12902928,
                "name": "com.android.tools.external.com-intellij:intellij-core",
                "type": "UsedMavenLibrary",
                "location": {
                    "type": "CodeLocation",
                    "id": 0,
                    "loopID": null,
                    "dataflow": null,
                    "codeLocationType": "Class",
                    "className": "org.w3c.dom.Node",
                    "memberName": null,
                    "statement": null,
                    "lineInIntermediateCode": null,
                    "lineInOriginalCode": null
                },
                "version": null,
                "latestKnownVersion": null,
                "versionCertainty": 0,
                "cveInformation": null,
                "licenses": [],
                "mavenArtifactId": "intellij-core",
                "mavenGroupId": "com.android.tools.external.com-intellij"
            },
            {
                "id": 12902901,
                "name": "Gson",
                "type": "UsedMavenLibrary",
                "location": {
                    "type": "CodeLocation",
                    "id": 0,
                    "loopID": null,
                    "dataflow": null,
                    "codeLocationType": "Class",
                    "className": "com.google.gson.stream.JsonReader",
                    "memberName": null,
                    "statement": null,
                    "lineInIntermediateCode": null,
                    "lineInOriginalCode": null
                },
                "version": null,
                "latestKnownVersion": null,
                "versionCertainty": 0,
                "cveInformation": null,
                "licenses": [],
                "mavenArtifactId": "gson",
                "mavenGroupId": "com.google.code.gson"
            },
            {
                "id": 12902910,
                "name": "Kryo",
                "type": "UsedMavenLibrary",
                "location": {
                    "type": "CodeLocation",
                    "id": 0,
                    "loopID": null,
                    "dataflow": null,
                    "codeLocationType": "Class",
                    "className": "com.esotericsoftware.kryo.util.Pool$Poolable",
                    "memberName": null,
                    "statement": null,
                    "lineInIntermediateCode": null,
                    "lineInOriginalCode": null
                },
                "version": null,
                "latestKnownVersion": null,
                "versionCertainty": 0,
                "cveInformation": null,
                "licenses": [],
                "mavenArtifactId": "kryo",
                "mavenGroupId": "com.esotericsoftware"
            },
            {
                "id": 12902932,
                "name": "com.android.support.test:exposed-instrumentation-api-publish",
                "type": "UsedMavenLibrary",
                "location": {
                    "type": "CodeLocation",
                    "id": 0,
                    "loopID": null,
                    "dataflow": null,
                    "codeLocationType": "Class",
                    "className": "android.app.RemoteInput$Builder",
                    "memberName": null,
                    "statement": null,
                    "lineInIntermediateCode": null,
                    "lineInOriginalCode": null
                },
                "version": null,
                "latestKnownVersion": null,
                "versionCertainty": 0,
                "cveInformation": null,
                "licenses": [],
                "mavenArtifactId": "exposed-instrumentation-api-publish",
                "mavenGroupId": "com.android.support.test"
            },
            {
                "id": 12902902,
                "name": "Google Android android-all Library",
                "type": "UsedMavenLibrary",
                "location": {
                    "type": "CodeLocation",
                    "id": 0,
                    "loopID": null,
                    "dataflow": null,
                    "codeLocationType": "Class",
                    "className": "android.media.session.MediaController",
                    "memberName": null,
                    "statement": null,
                    "lineInIntermediateCode": null,
                    "lineInOriginalCode": null
                },
                "version": null,
                "latestKnownVersion": null,
                "versionCertainty": 0,
                "cveInformation": null,
                "licenses": [],
                "mavenArtifactId": "android-all",
                "mavenGroupId": "org.robolectric"
            },
            {
                "id": 12902917,
                "name": "OkHttp",
                "type": "UsedMavenLibrary",
                "location": {
                    "type": "CodeLocation",
                    "id": 0,
                    "loopID": null,
                    "dataflow": null,
                    "codeLocationType": "Class",
                    "className": "com.squareup.okhttp.ResponseBody",
                    "memberName": null,
                    "statement": null,
                    "lineInIntermediateCode": null,
                    "lineInOriginalCode": null
                },
                "version": null,
                "latestKnownVersion": null,
                "versionCertainty": 0,
                "cveInformation": null,
                "licenses": [],
                "mavenArtifactId": "okhttp",
                "mavenGroupId": "com.squareup.okhttp"
            },
            {
                "id": 12902908,
                "name": "Asynchronous Http Client",
                "type": "UsedMavenLibrary",
                "location": {
                    "type": "CodeLocation",
                    "id": 0,
                    "loopID": null,
                    "dataflow": null,
                    "codeLocationType": "Class",
                    "className": "org.asynchttpclient.Response",
                    "memberName": null,
                    "statement": null,
                    "lineInIntermediateCode": null,
                    "lineInOriginalCode": null
                },
                "version": null,
                "latestKnownVersion": null,
                "versionCertainty": 0,
                "cveInformation": null,
                "licenses": [],
                "mavenArtifactId": "async-http-client",
                "mavenGroupId": "org.asynchttpclient"
            },
            {
                "id": 12902930,
                "name": "org.osgi.core",
                "type": "UsedMavenLibrary",
                "location": {
                    "type": "CodeLocation",
                    "id": 0,
                    "loopID": null,
                    "dataflow": null,
                    "codeLocationType": "Class",
                    "className": "org.osgi.framework.Bundle",
                    "memberName": null,
                    "statement": null,
                    "lineInIntermediateCode": null,
                    "lineInOriginalCode": null
                },
                "version": null,
                "latestKnownVersion": null,
                "versionCertainty": 0,
                "cveInformation": null,
                "licenses": [],
                "mavenArtifactId": "org.osgi.core",
                "mavenGroupId": "org.osgi"
            },
            {
                "id": 12902906,
                "name": "com.android.support:design",
                "type": "UsedMavenLibrary",
                "location": {
                    "type": "CodeLocation",
                    "id": 0,
                    "loopID": null,
                    "dataflow": null,
                    "codeLocationType": "Class",
                    "className": "android.support.design.widget.TextInputLayout",
                    "memberName": null,
                    "statement": null,
                    "lineInIntermediateCode": null,
                    "lineInOriginalCode": null
                },
                "version": null,
                "latestKnownVersion": null,
                "versionCertainty": 0,
                "cveInformation": null,
                "licenses": [],
                "mavenArtifactId": "design",
                "mavenGroupId": "com.android.support"
            }
        ]
    },
    "analysisServerVersion": "1.12.0 Development",
    "analysisServerDate": "24/05/2023 12:05",
    "mayDelete": true,
    "mayAbort": false,
    "mayModify": true,
    "isFailed": false,
    "isFinished": true,
    "reanalyzedJobId": -1,
    "isDynamicAnalysisRun": false
}