{
    "id": 32,
    "name": "BSIC TOGO Mobile Banking.apk",
    "submitDate": 1674835652889,
    "status": {
        "pendingAnalyses": 0,
        "skippedAnalyses": 0,
        "runningAnalyses": 0,
        "failedAnalyses": 0,
        "finishedAnalyses": 159,
        "hasWarnings": false,
        "statusText": "Finished",
        "vulnerabilityFindingStatistics": {
            "low": 2,
            "medium": 5,
            "high": 2
        },
        "progressPercent": 100,
        "finishDate": 1675302286344
    },
    "metadata": {
        "sha256Hash": "b1b6f3bfc143b140b6a55601594e738d9d42a6903acd45525ea35dd256fac4e5",
        "displayName": "BSIC-TG Mobile Banking",
        "versionName": "5.6.18",
        "type": "APKMetadata",
        "platform": {
            "humanReadableName": "Android Application",
            "id": "ANDROID_APP_APK"
        },
        "permissions": [
            {
                "permission": "android.permission.ACCESS_FINE_LOCATION",
                "type": "AndroidPermission",
                "description": "Allows an app to access precise location. Alternatively, you might want ACCESS_COARSE_LOCATION. <p>Protection level: dangerous"
            },
            {
                "permission": "android.permission.ACCESS_COARSE_LOCATION",
                "type": "AndroidPermission",
                "description": "Allows an app to access approximate location. Alternatively, you might want ACCESS_FINE_LOCATION. <p>Protection level: dangerous"
            },
            {
                "permission": "android.permission.INTERNET",
                "type": "AndroidPermission",
                "description": "Allows applications to open network sockets. <p>Protection level: normal"
            },
            {
                "permission": "android.permission.ACCESS_NETWORK_STATE",
                "type": "AndroidPermission",
                "description": "Allows applications to access information about networks. <p>Protection level: normal"
            },
            {
                "permission": "android.permission.VIBRATE",
                "type": "AndroidPermission",
                "description": "Allows access to the vibrator. <p>Protection level: normal"
            },
            {
                "permission": "android.permission.ACCESS_WIFI_STATE",
                "type": "AndroidPermission",
                "description": "Allows applications to access information about Wi-Fi networks. <p>Protection level: normal"
            }
        ],
        "packageName": "net.bsictg.ebank",
        "minSDKVersion": 19,
        "targetSDKVersion": 28,
        "activites": [
            {
                "exported": true,
                "enabled": true,
                "name": "net.bsictg.ebank.BSICTGMobileBanking",
                "process": null,
                "label": "BSIC-TG Mobile Banking",
                "type": "AndroidActivity",
                "intentFilters": [
                    {
                        "actions": [
                            "android.intent.action.MAIN"
                        ],
                        "categories": [
                            "android.intent.category.LAUNCHER"
                        ],
                        "scheme": null,
                        "host": null,
                        "port": null,
                        "path": null,
                        "pathPattern": null,
                        "pathPrefix": null,
                        "mimeType": null,
                        "priority": 0
                    }
                ],
                "packageName": null
            }
        ],
        "activityAliases": null,
        "contentProviders": [],
        "broadcastReceivers": [],
        "services": []
    },
    "comment": "",
    "jobResults": {
        "vulnerabilityFindings": [
            {
                "id": 2892910,
                "type": "Permissions_UnusedPermissions",
                "location": {
                    "type": "FileLocation",
                    "filePath": "AndroidManifest.xml",
                    "characterStart": 0,
                    "characterLength": 0
                },
                "additionalData": [
                    {
                        "name": "Permission",
                        "data": "android.permission.ACCESS_FINE_LOCATION",
                        "path": null
                    },
                    {
                        "name": "Permission",
                        "data": "android.permission.ACCESS_COARSE_LOCATION",
                        "path": null
                    },
                    {
                        "name": "Permission",
                        "data": "android.permission.ACCESS_WIFI_STATE",
                        "path": null
                    }
                ],
                "dataflows": null,
                "libraryFinding": null,
                "severity": "LOW",
                "category": "Permissions",
                "description": "One or more permissions have been declared as used in the manifest file, but do not seem to be actually used by the\napplication.\nIn case a vulnerability exists that allows an attacker to inject code, the attacker can also use the permissions which\nare otherwise unused by the app.",
                "mitigiation": "Do not declare permissions with <i>uses-permission</i> which the application does not need to run.",
                "title": "\n\nUnused permissions\n\n\t",
                "findingInformation": null,
                "verification": null,
                "references": [
                    {
                        "shortDescription": "The app only requests the minimum set of permissions necessary.",
                        "type": "CatalogReference",
                        "referenceGroup": {
                            "name": "Mobile Application Security Verification Standard as defined by OWASP (Open Web Application Security Project)",
                            "description": "The OWASP security checklists for mobile apps, available at the <a target=\"_blank\" href=\"https://github.com/OWASP/owasp-masvs\">OWASP Homepage</a>"
                        },
                        "url": "https://github.com/OWASP/owasp-masvs/blob/master/Document/0x11-V6-Interaction_with_the_environment.md",
                        "id": "6.1"
                    },
                    {
                        "shortDescription": "All app components are identified and known to be needed.",
                        "type": "URLExternalReference",
                        "referenceGroup": {
                            "name": "Mobile Security Testing Guide as defined by OWASP (Open Web Application Security Project)",
                            "description": "The OWASP guideline documments for mobile apps, available at the <a target=\"_blank\" href=\"https://github.com/OWASP/owasp-mstg/tree/master/Document\">OWASP Homepage</a>"
                        },
                        "url": "https://github.com/OWASP/owasp-mstg/blob/master/Document/0x05h-Testing-Platform-Interaction.md#testing-app-permissions"
                    },
                    {
                        "shortDescription": "Applications must only request Use Permissions or grant Permissions that are required for execution purposes.",
                        "type": "CatalogReference",
                        "referenceGroup": {
                            "name": "Telekom requirements for Android applications",
                            "description": "The Telekom requirements for Android applications, available at the <a target=\"_blank\" href=\"https://www.telekom.com/en/corporate-responsibility/data-protection-data-security/security/details/privacy-and-security-assessment-process-358312\">Telekom Homepage</a>"
                        },
                        "url": "https://www.telekom.com/en/corporate-responsibility/data-protection-data-security/security/details/privacy-and-security-assessment-process-358312",
                        "id": "Requirement 3"
                    }
                ]
            },
            {
                "id": 2892872,
                "type": "IPC_PrivilegeEscalationActionTrigger",
                "location": {
                    "type": "CodeLocation",
                    "id": 0,
                    "loopID": null,
                    "dataflow": null,
                    "codeLocationType": "Statement",
                    "className": "net.bsictg.ebank.BSICTGMobileBanking",
                    "memberName": "boolean isOnline(android.content.Context)",
                    "statement": "$NetworkInfo5 = virtualinvoke $ConnectivityManager4.<android.net.ConnectivityManager: android.net.NetworkInfo getActiveNetworkInfo()>()",
                    "lineInIntermediateCode": 35,
                    "lineInOriginalCode": 107
                },
                "additionalData": [
                    {
                        "name": "Permission",
                        "data": "android.permission.ACCESS_NETWORK_STATE",
                        "path": {
                            "locations": [
                                {
                                    "type": "CodeLocation",
                                    "id": 2892874,
                                    "loopID": null,
                                    "dataflow": null,
                                    "codeLocationType": "Statement",
                                    "className": "net.bsictg.ebank.BSICTGMobileBanking",
                                    "memberName": "boolean isOnline(android.content.Context)",
                                    "statement": "$NetworkInfo5 = virtualinvoke $ConnectivityManager4.<android.net.ConnectivityManager: android.net.NetworkInfo getActiveNetworkInfo()>()",
                                    "lineInIntermediateCode": 35,
                                    "lineInOriginalCode": 107
                                }
                            ]
                        }
                    },
                    {
                        "name": "Method, might be called by another application",
                        "data": "<android.net.ConnectivityManager: android.net.NetworkInfo getActiveNetworkInfo()>",
                        "path": {
                            "locations": [
                                {
                                    "type": "CodeLocation",
                                    "id": 2892876,
                                    "loopID": null,
                                    "dataflow": null,
                                    "codeLocationType": "Statement",
                                    "className": "net.bsictg.ebank.BSICTGMobileBanking",
                                    "memberName": "boolean isOnline(android.content.Context)",
                                    "statement": "$NetworkInfo5 = virtualinvoke $ConnectivityManager4.<android.net.ConnectivityManager: android.net.NetworkInfo getActiveNetworkInfo()>()",
                                    "lineInIntermediateCode": 35,
                                    "lineInOriginalCode": 107
                                }
                            ]
                        }
                    },
                    {
                        "name": "Affected component",
                        "data": "net.bsictg.ebank.BSICTGMobileBanking",
                        "path": {
                            "locations": [
                                {
                                    "type": "CodeLocation",
                                    "id": 2892878,
                                    "loopID": null,
                                    "dataflow": null,
                                    "codeLocationType": "Statement",
                                    "className": "net.bsictg.ebank.BSICTGMobileBanking",
                                    "memberName": "boolean isOnline(android.content.Context)",
                                    "statement": "$NetworkInfo5 = virtualinvoke $ConnectivityManager4.<android.net.ConnectivityManager: android.net.NetworkInfo getActiveNetworkInfo()>()",
                                    "lineInIntermediateCode": 35,
                                    "lineInOriginalCode": 107
                                }
                            ]
                        }
                    }
                ],
                "dataflows": null,
                "libraryFinding": null,
                "severity": "MEDIUM",
                "category": "Permissions",
                "description": "The concept of permissions enables the user to check what kind of actions applications can perform. This application\n                 contains a vulnerability which third party applications can exploit to trigger actions or get data, for which they would\n                 need to have a specific permission for.\nDue to the vulnerability, they can trigger these actions on behalf of the vulnerable app without needing to have the\npermission. This can be used to trick the user into thinking that the app does not require this permission.",
                "mitigiation": "If the component is only supposed to be used by other apps of the same developer, the app should\n<a target=\"_blank\" href=\"https://developer.android.com/guide/topics/permissions/defining.html\">define\na new permission</a> with the <a href=\"https://developer.android.com/reference/android/R.styleable.html#AndroidManifestPermission_protectionLevel\">protection\nlevel signature</a>. Other apps by the developer can <a target=\"_blank\" href=\"https://developer.android.com/guide/topics/manifest/uses-permission-element.html\">use</a>\nthis permission. in order to do this, they need to be signed with the same key as the application containing the content provider. This ensures that no\nother application can access the content provider unless it has been signed by the same developer.\nIf the component is supposed to be used by any other app, be sure to use\n<code><a target=\"_blank\" href=\"https://developer.android.com/reference/android/content/Context.html#checkCallingPermission(java.lang.String)\">checkCallingPermission</a></code>\nto check whether the other app invoking the component has the appropriate permission.",
                "title": "\n\nOther applications may trigger permission guarded actions without permissions\n\n\t",
                "findingInformation": null,
                "verification": null,
                "references": [
                    {
                        "shortDescription": "Defining permissions",
                        "type": "URLExternalReference",
                        "referenceGroup": {
                            "name": "Android Developer Guide",
                            "description": "The Android developer guides, available at the <a target=\"_blank\" href=\"https://developer.android.com\">Android Developer Homepage</a>"
                        },
                        "url": "https://developer.android.com/guide/topics/permissions/defining.html"
                    },
                    {
                        "shortDescription": "Using permissions",
                        "type": "URLExternalReference",
                        "referenceGroup": {
                            "name": "Android Developer Guide",
                            "description": "The Android developer guides, available at the <a target=\"_blank\" href=\"https://developer.android.com\">Android Developer Homepage</a>"
                        },
                        "url": "https://developer.android.com/guide/topics/manifest/uses-permission-element.html"
                    },
                    {
                        "shortDescription": "checkCallingPermission",
                        "type": "URLExternalReference",
                        "referenceGroup": {
                            "name": "Android Developer Guide",
                            "description": "The Android developer guides, available at the <a target=\"_blank\" href=\"https://developer.android.com\">Android Developer Homepage</a>"
                        },
                        "url": "https://developer.android.com/reference/android/content/Context.html#checkCallingPermission(java.lang.String)"
                    },
                    {
                        "shortDescription": "A requesting application must not be granted more rights than permitted by the user at the time of execution.",
                        "type": "CatalogReference",
                        "referenceGroup": {
                            "name": "Telekom requirements for Android applications",
                            "description": "The Telekom requirements for Android applications, available at the <a target=\"_blank\" href=\"https://www.telekom.com/en/corporate-responsibility/data-protection-data-security/security/details/privacy-and-security-assessment-process-358312\">Telekom Homepage</a>"
                        },
                        "url": "https://www.telekom.com/en/corporate-responsibility/data-protection-data-security/security/details/privacy-and-security-assessment-process-358312",
                        "id": "Requirement 4"
                    }
                ]
            },
            {
                "id": 2892881,
                "type": "IPC_PrivilegeEscalationActionTrigger",
                "location": {
                    "type": "CodeLocation",
                    "id": 0,
                    "loopID": null,
                    "dataflow": null,
                    "codeLocationType": "Statement",
                    "className": "net.bsictg.ebank.BSICTGMobileBanking",
                    "memberName": "boolean isOnline(android.content.Context)",
                    "statement": "$NetworkInfo5 = virtualinvoke $ConnectivityManager4.<android.net.ConnectivityManager: android.net.NetworkInfo getActiveNetworkInfo()>()",
                    "lineInIntermediateCode": 35,
                    "lineInOriginalCode": 107
                },
                "additionalData": [
                    {
                        "name": "Permission",
                        "data": "android.permission.ACCESS_NETWORK_STATE",
                        "path": {
                            "locations": [
                                {
                                    "type": "CodeLocation",
                                    "id": 2892883,
                                    "loopID": null,
                                    "dataflow": null,
                                    "codeLocationType": "Statement",
                                    "className": "net.bsictg.ebank.BSICTGMobileBanking",
                                    "memberName": "boolean isOnline(android.content.Context)",
                                    "statement": "$NetworkInfo5 = virtualinvoke $ConnectivityManager4.<android.net.ConnectivityManager: android.net.NetworkInfo getActiveNetworkInfo()>()",
                                    "lineInIntermediateCode": 35,
                                    "lineInOriginalCode": 107
                                }
                            ]
                        }
                    },
                    {
                        "name": "Method, might be called by another application",
                        "data": "<android.net.ConnectivityManager: android.net.NetworkInfo getActiveNetworkInfo()>",
                        "path": {
                            "locations": [
                                {
                                    "type": "CodeLocation",
                                    "id": 2892885,
                                    "loopID": null,
                                    "dataflow": null,
                                    "codeLocationType": "Statement",
                                    "className": "net.bsictg.ebank.BSICTGMobileBanking",
                                    "memberName": "boolean isOnline(android.content.Context)",
                                    "statement": "$NetworkInfo5 = virtualinvoke $ConnectivityManager4.<android.net.ConnectivityManager: android.net.NetworkInfo getActiveNetworkInfo()>()",
                                    "lineInIntermediateCode": 35,
                                    "lineInOriginalCode": 107
                                }
                            ]
                        }
                    },
                    {
                        "name": "Affected component",
                        "data": "net.bsictg.ebank.BSICTGMobileBanking",
                        "path": {
                            "locations": [
                                {
                                    "type": "CodeLocation",
                                    "id": 2892887,
                                    "loopID": null,
                                    "dataflow": null,
                                    "codeLocationType": "Statement",
                                    "className": "net.bsictg.ebank.BSICTGMobileBanking",
                                    "memberName": "boolean isOnline(android.content.Context)",
                                    "statement": "$NetworkInfo5 = virtualinvoke $ConnectivityManager4.<android.net.ConnectivityManager: android.net.NetworkInfo getActiveNetworkInfo()>()",
                                    "lineInIntermediateCode": 35,
                                    "lineInOriginalCode": 107
                                }
                            ]
                        }
                    }
                ],
                "dataflows": null,
                "libraryFinding": null,
                "severity": "MEDIUM",
                "category": "Permissions",
                "description": "The concept of permissions enables the user to check what kind of actions applications can perform. This application\n                 contains a vulnerability which third party applications can exploit to trigger actions or get data, for which they would\n                 need to have a specific permission for.\nDue to the vulnerability, they can trigger these actions on behalf of the vulnerable app without needing to have the\npermission. This can be used to trick the user into thinking that the app does not require this permission.",
                "mitigiation": "If the component is only supposed to be used by other apps of the same developer, the app should\n<a target=\"_blank\" href=\"https://developer.android.com/guide/topics/permissions/defining.html\">define\na new permission</a> with the <a href=\"https://developer.android.com/reference/android/R.styleable.html#AndroidManifestPermission_protectionLevel\">protection\nlevel signature</a>. Other apps by the developer can <a target=\"_blank\" href=\"https://developer.android.com/guide/topics/manifest/uses-permission-element.html\">use</a>\nthis permission. in order to do this, they need to be signed with the same key as the application containing the content provider. This ensures that no\nother application can access the content provider unless it has been signed by the same developer.\nIf the component is supposed to be used by any other app, be sure to use\n<code><a target=\"_blank\" href=\"https://developer.android.com/reference/android/content/Context.html#checkCallingPermission(java.lang.String)\">checkCallingPermission</a></code>\nto check whether the other app invoking the component has the appropriate permission.",
                "title": "\n\nOther applications may trigger permission guarded actions without permissions\n\n\t",
                "findingInformation": null,
                "verification": null,
                "references": [
                    {
                        "shortDescription": "Defining permissions",
                        "type": "URLExternalReference",
                        "referenceGroup": {
                            "name": "Android Developer Guide",
                            "description": "The Android developer guides, available at the <a target=\"_blank\" href=\"https://developer.android.com\">Android Developer Homepage</a>"
                        },
                        "url": "https://developer.android.com/guide/topics/permissions/defining.html"
                    },
                    {
                        "shortDescription": "Using permissions",
                        "type": "URLExternalReference",
                        "referenceGroup": {
                            "name": "Android Developer Guide",
                            "description": "The Android developer guides, available at the <a target=\"_blank\" href=\"https://developer.android.com\">Android Developer Homepage</a>"
                        },
                        "url": "https://developer.android.com/guide/topics/manifest/uses-permission-element.html"
                    },
                    {
                        "shortDescription": "checkCallingPermission",
                        "type": "URLExternalReference",
                        "referenceGroup": {
                            "name": "Android Developer Guide",
                            "description": "The Android developer guides, available at the <a target=\"_blank\" href=\"https://developer.android.com\">Android Developer Homepage</a>"
                        },
                        "url": "https://developer.android.com/reference/android/content/Context.html#checkCallingPermission(java.lang.String)"
                    },
                    {
                        "shortDescription": "A requesting application must not be granted more rights than permitted by the user at the time of execution.",
                        "type": "CatalogReference",
                        "referenceGroup": {
                            "name": "Telekom requirements for Android applications",
                            "description": "The Telekom requirements for Android applications, available at the <a target=\"_blank\" href=\"https://www.telekom.com/en/corporate-responsibility/data-protection-data-security/security/details/privacy-and-security-assessment-process-358312\">Telekom Homepage</a>"
                        },
                        "url": "https://www.telekom.com/en/corporate-responsibility/data-protection-data-security/security/details/privacy-and-security-assessment-process-358312",
                        "id": "Requirement 4"
                    }
                ]
            },
            {
                "id": 2892868,
                "type": "Network_ClearTextTraffic",
                "location": {
                    "type": "FileLocation",
                    "filePath": "AndroidManifest.xml",
                    "characterStart": 1146,
                    "characterLength": 0
                },
                "additionalData": [
                    {
                        "name": "Reason",
                        "data": "When running under Android 8.1 Oreo (API level 27), cleartext traffic is allowed by default",
                        "path": null
                    }
                ],
                "dataflows": null,
                "libraryFinding": null,
                "severity": "MEDIUM",
                "category": "Network",
                "description": "Starting with Android 6.0 Marshmallow, Android has introduced a feature intended to disallow Apps to use cleartext traffic. Apps can\nopt out of this security feature through its security configuration file. However, this option should only be used if cleartext communication\nis absolutely required. Otherwise, apps should always communicate via secure protocols such as TLS.\nNote that WebView <a target=\"_blank\" href=\"https://developer.android.com/reference/android/security/NetworkSecurityPolicy.html#isCleartextTrafficPermitted()\">\ndoes not honor this flag</a>.",
                "mitigiation": "For security reasons, no cleartext traffic should be allowed in most cases. Exceptions to this rule are external sites that\ndon't provide an encryption channel. These unsecure domains should be whitelisted explicitly while a secure channel should\nbe expected for all other domains.\n<ul>\n<li>If cleartext traffic is generally not intended, set the <a target=\"_blank\" href=\"https://developer.android.com/guide/topics/manifest/application-element.html#usesCleartextTraffic\">android:usesCleartextTraffic</a> attribute to false in the application element.</li>\n<li>If cleartext traffic should be allowed for certain domains, a <a target=\"_blank\" href=\"https://developer.android.com/training/articles/security-config.html\">Network Security Configuration</a> should be used. \nIn order to use configuration file, <a target=\"_blank\" href=\"https://developer.android.com/guide/topics/manifest/application-element.html#networkSecurityConfig\"> specify in the Android manifest where the file is located</a>. \nA network security configuration overrides the <a target=\"_blank\" href=\"https://developer.android.com/guide/topics/manifest/application-element.html#usesCleartextTraffic\">android:usesCleartextTraffic</a> attribute.</li>\n</ul>",
                "title": "\n\nCleartext traffic allowed\n\n\t",
                "findingInformation": null,
                "verification": null,
                "references": [
                    {
                        "shortDescription": "android:usesCleartextTraffic",
                        "type": "URLExternalReference",
                        "referenceGroup": {
                            "name": "Android Developer Guide",
                            "description": "The Android developer guides, available at the <a target=\"_blank\" href=\"https://developer.android.com\">Android Developer Homepage</a>"
                        },
                        "url": "https://developer.android.com/guide/topics/manifest/application-element.html#usesCleartextTraffic"
                    },
                    {
                        "shortDescription": "Network Security Config",
                        "type": "URLExternalReference",
                        "referenceGroup": {
                            "name": "Android Developer Guide",
                            "description": "The Android developer guides, available at the <a target=\"_blank\" href=\"https://developer.android.com\">Android Developer Homepage</a>"
                        },
                        "url": "https://developer.android.com/training/articles/security-config.html"
                    },
                    {
                        "shortDescription": "Network Security Config",
                        "type": "URLExternalReference",
                        "referenceGroup": {
                            "name": "Android Developer Guide",
                            "description": "The Android developer guides, available at the <a target=\"_blank\" href=\"https://developer.android.com\">Android Developer Homepage</a>"
                        },
                        "url": "https://developer.android.com/guide/topics/manifest/application-element.html#networkSecurityConfig"
                    },
                    {
                        "shortDescription": "android:usesCleartextTraffic",
                        "type": "URLExternalReference",
                        "referenceGroup": {
                            "name": "Android Developer Guide",
                            "description": "The Android developer guides, available at the <a target=\"_blank\" href=\"https://developer.android.com\">Android Developer Homepage</a>"
                        },
                        "url": "https://developer.android.com/guide/topics/manifest/application-element.html#usesCleartextTraffic"
                    },
                    {
                        "shortDescription": "Data is encrypted on the network using TLS. The secure channel is used consistently throughout the app.",
                        "type": "CatalogReference",
                        "referenceGroup": {
                            "name": "Mobile Application Security Verification Standard as defined by OWASP (Open Web Application Security Project)",
                            "description": "The OWASP security checklists for mobile apps, available at the <a target=\"_blank\" href=\"https://github.com/OWASP/owasp-masvs\">OWASP Homepage</a>"
                        },
                        "url": "https://github.com/OWASP/owasp-masvs/blob/master/Document/0x10-V5-Network_communication_requirements.md",
                        "id": "5.1"
                    },
                    {
                        "shortDescription": "Guide on how to test for data encryption",
                        "type": "URLExternalReference",
                        "referenceGroup": {
                            "name": "Mobile Security Testing Guide as defined by OWASP (Open Web Application Security Project)",
                            "description": "The OWASP guideline documments for mobile apps, available at the <a target=\"_blank\" href=\"https://github.com/OWASP/owasp-mstg/tree/master/Document\">OWASP Homepage</a>"
                        },
                        "url": "https://github.com/OWASP/owasp-mstg/blob/master/Document/0x04f-Testing-Network-Communication.md#verifying-data-encryption-on-the-network"
                    }
                ]
            },
            {
                "id": 2892914,
                "type": "WebViewAnalysis_ContentProviderAccessEnabled",
                "location": {
                    "type": "CodeLocation",
                    "id": 0,
                    "loopID": null,
                    "dataflow": null,
                    "codeLocationType": "Method",
                    "className": "org.apache.cordova.engine.SystemWebViewEngine",
                    "memberName": "void initWebViewSettings()",
                    "statement": null,
                    "lineInIntermediateCode": 284,
                    "lineInOriginalCode": null
                },
                "additionalData": null,
                "dataflows": null,
                "libraryFinding": null,
                "severity": "HIGH",
                "category": "Network",
                "description": "By default (unless explicitly configured otherwise by the developer), Android allows a WebView to access content providers on the\ndevice's file system. This is usually an unnecessary security risk.",
                "mitigiation": "Do not enable JavaScript file access in WebViews.",
                "title": "\n\nApp Enables Content Provider Access Through WebView\n\n\t",
                "findingInformation": null,
                "verification": null,
                "references": [
                    {
                        "shortDescription": "Do not allow WebView to access sensitive local resource through file scheme",
                        "type": "CatalogReference",
                        "referenceGroup": {
                            "name": "SEI CERT Oracle Coding Standard for Java",
                            "description": "The <a target=\"_blank\" href=\"https://wiki.sei.cmu.edu/confluence/display/java/SEI+CERT+Oracle+Coding+Standard+for+Java\">SEI CERT Oracle Coding Standard for Java</a>"
                        },
                        "url": "https://www.securecoding.cert.org/confluence/display/android/DRD02-J.+Do+not+allow+WebView+to+access+sensitive+local+resource+through+file+scheme",
                        "id": "DRD02. Do not allow WebView to access sensitive local resource through file scheme"
                    },
                    {
                        "shortDescription": "JavaScript is disabled in WebViews unless explicitly required.",
                        "type": "CatalogReference",
                        "referenceGroup": {
                            "name": "Mobile Application Security Verification Standard as defined by OWASP (Open Web Application Security Project)",
                            "description": "The OWASP security checklists for mobile apps, available at the <a target=\"_blank\" href=\"https://github.com/OWASP/owasp-masvs\">OWASP Homepage</a>"
                        },
                        "url": "https://github.com/OWASP/owasp-masvs/blob/master/Document/0x11-V6-Interaction_with_the_environment.md",
                        "id": "6.5"
                    },
                    {
                        "shortDescription": "Testing JavaScript Execution in WebViews",
                        "type": "URLExternalReference",
                        "referenceGroup": {
                            "name": "Mobile Security Testing Guide as defined by OWASP (Open Web Application Security Project)",
                            "description": "The OWASP guideline documments for mobile apps, available at the <a target=\"_blank\" href=\"https://github.com/OWASP/owasp-mstg/tree/master/Document\">OWASP Homepage</a>"
                        },
                        "url": "https://github.com/OWASP/owasp-mstg/blob/master/Document/0x05h-Testing-Platform-Interaction.md#testing-javascript-execution-in-webviews"
                    },
                    {
                        "shortDescription": "WebViews are configured to allow only the minimum set of protocol handlers required (ideally, only https is supported). Potentially      dangerous handlers, such as file, tel and app-id, are disabled.",
                        "type": "CatalogReference",
                        "referenceGroup": {
                            "name": "Mobile Application Security Verification Standard as defined by OWASP (Open Web Application Security Project)",
                            "description": "The OWASP security checklists for mobile apps, available at the <a target=\"_blank\" href=\"https://github.com/OWASP/owasp-masvs\">OWASP Homepage</a>"
                        },
                        "url": "https://github.com/OWASP/owasp-masvs/blob/master/Document/0x11-V6-Interaction_with_the_environment.md",
                        "id": "6.6"
                    },
                    {
                        "shortDescription": "Testing WebView Protocol Handlers",
                        "type": "URLExternalReference",
                        "referenceGroup": {
                            "name": "Mobile Security Testing Guide as defined by OWASP (Open Web Application Security Project)",
                            "description": "The OWASP guideline documments for mobile apps, available at the <a target=\"_blank\" href=\"https://github.com/OWASP/owasp-mstg/tree/master/Document\">OWASP Homepage</a>"
                        },
                        "url": "https://github.com/OWASP/owasp-mstg/blob/master/Document/0x05h-Testing-Platform-Interaction.md#testing-webview-protocol-handlers"
                    }
                ]
            },
            {
                "id": 2892915,
                "type": "WebViewAnalysis_JSUniversalAccessEnabled",
                "location": {
                    "type": "CodeLocation",
                    "id": 0,
                    "loopID": null,
                    "dataflow": null,
                    "codeLocationType": "Statement",
                    "className": "org.apache.cordova.engine.SystemWebViewEngine",
                    "memberName": "void initWebViewSettings()",
                    "statement": "virtualinvoke $WebSettings4.<android.webkit.WebSettings: void setAllowUniversalAccessFromFileURLs(boolean)>(true)",
                    "lineInIntermediateCode": 319,
                    "lineInOriginalCode": 164
                },
                "additionalData": null,
                "dataflows": null,
                "libraryFinding": true,
                "severity": "HIGH",
                "category": "Network",
                "description": "The app configures a WebView such such that JavaScript code loaded from files can access any other resource (regardless of\nits type), effectively completely disabling the same origin policy for code executed from a JS file. This configuration even\nallows JavaScript code to access content providers and similar Android resources. Consequently, this vulnerability can lead\nto information disclosure from arbitrary resources. More information can be found <a target=\"_blank\"\nhref=\"https://www.securecoding.cert.org/confluence/display/android/DRD02-J.+Do+not+allow+WebView+to+access+sensitive+local+resource+through+file+scheme\">here</a>.",
                "mitigiation": "Do not enable JavaScript file access in WebViews.",
                "title": "\n\nApp Enables Arbitrary Resource Access For JavaScript Files\n\n\t",
                "findingInformation": null,
                "verification": null,
                "references": [
                    {
                        "shortDescription": "Do not allow WebView to access sensitive local resource through file scheme",
                        "type": "CatalogReference",
                        "referenceGroup": {
                            "name": "SEI CERT Oracle Coding Standard for Java",
                            "description": "The <a target=\"_blank\" href=\"https://wiki.sei.cmu.edu/confluence/display/java/SEI+CERT+Oracle+Coding+Standard+for+Java\">SEI CERT Oracle Coding Standard for Java</a>"
                        },
                        "url": "https://www.securecoding.cert.org/confluence/display/android/DRD02-J.+Do+not+allow+WebView+to+access+sensitive+local+resource+through+file+scheme",
                        "id": "DRD02. Do not allow WebView to access sensitive local resource through file scheme"
                    },
                    {
                        "shortDescription": "JavaScript is disabled in WebViews unless explicitly required.",
                        "type": "CatalogReference",
                        "referenceGroup": {
                            "name": "Mobile Application Security Verification Standard as defined by OWASP (Open Web Application Security Project)",
                            "description": "The OWASP security checklists for mobile apps, available at the <a target=\"_blank\" href=\"https://github.com/OWASP/owasp-masvs\">OWASP Homepage</a>"
                        },
                        "url": "https://github.com/OWASP/owasp-masvs/blob/master/Document/0x11-V6-Interaction_with_the_environment.md",
                        "id": "6.5"
                    },
                    {
                        "shortDescription": "Testing JavaScript Execution in WebViews",
                        "type": "URLExternalReference",
                        "referenceGroup": {
                            "name": "Mobile Security Testing Guide as defined by OWASP (Open Web Application Security Project)",
                            "description": "The OWASP guideline documments for mobile apps, available at the <a target=\"_blank\" href=\"https://github.com/OWASP/owasp-mstg/tree/master/Document\">OWASP Homepage</a>"
                        },
                        "url": "https://github.com/OWASP/owasp-mstg/blob/master/Document/0x05h-Testing-Platform-Interaction.md#testing-javascript-execution-in-webviews"
                    },
                    {
                        "shortDescription": "WebViews are configured to allow only the minimum set of protocol handlers required (ideally, only https is supported). Potentially dangerous      handlers, such as file, tel and app-id, are disabled.",
                        "type": "CatalogReference",
                        "referenceGroup": {
                            "name": "Mobile Application Security Verification Standard as defined by OWASP (Open Web Application Security Project)",
                            "description": "The OWASP security checklists for mobile apps, available at the <a target=\"_blank\" href=\"https://github.com/OWASP/owasp-masvs\">OWASP Homepage</a>"
                        },
                        "url": "https://github.com/OWASP/owasp-masvs/blob/master/Document/0x11-V6-Interaction_with_the_environment.md",
                        "id": "6.6"
                    },
                    {
                        "shortDescription": "Testing WebView Protocol Handlers",
                        "type": "URLExternalReference",
                        "referenceGroup": {
                            "name": "Mobile Security Testing Guide as defined by OWASP (Open Web Application Security Project)",
                            "description": "The OWASP guideline documments for mobile apps, available at the <a target=\"_blank\" href=\"https://github.com/OWASP/owasp-mstg/tree/master/Document\">OWASP Homepage</a>"
                        },
                        "url": "https://github.com/OWASP/owasp-mstg/blob/master/Document/0x05h-Testing-Platform-Interaction.md#testing-webview-protocol-handlers"
                    }
                ]
            },
            {
                "id": 2892916,
                "type": "WebViewAnalysis_FileSchemeCookies",
                "location": {
                    "type": "CodeLocation",
                    "id": 0,
                    "loopID": null,
                    "dataflow": null,
                    "codeLocationType": "Statement",
                    "className": "org.apache.cordova.engine.SystemCookieManager",
                    "memberName": "void <init>(android.webkit.WebView)",
                    "statement": "staticinvoke <android.webkit.CookieManager: void setAcceptFileSchemeCookies(boolean)>(true)",
                    "lineInIntermediateCode": 30,
                    "lineInOriginalCode": 41
                },
                "additionalData": null,
                "dataflows": null,
                "libraryFinding": true,
                "severity": "LOW",
                "category": "Network",
                "description": "The app is configured such that cookies for web requests can be loaded from local files using\nthe <pre>file://</pre> scheme. When sensitive information is stored in cookies that are accessible\nto other, potentially untrusted apps, the respective data can be leaked. Further, invalid data\ncan potentially be injected via the cookie. Further, if the server requests a cookie from a local\nfile, the app can leak sensitive information to a compromised or malicious server.",
                "mitigiation": "Do not allow loading cookies from local files. Only exchange cookies with the appropriate remote\nservers using TLS channels. Restrict the cookies to normal cookie storage in the browser, with\nbrowser-based access control to link cookies to servers/domains (default behavior if no other cookie\npolicy is configured).",
                "title": "\n\nWeb Cookies Stored in Local Files\n\n\t",
                "findingInformation": null,
                "verification": null,
                "references": [
                    {
                        "shortDescription": "Use of Persistent Cookies Containing Sensitive Information",
                        "type": "CatalogReference",
                        "referenceGroup": {
                            "name": "CWE",
                            "description": "<a target=\"_blank\" href=\"https://cwe.mitre.org/\">CWE\u2122 </a> is a community-developed list of common software\n\t        \tsecurity weaknesses. It serves as a common language, a measuring stick for software security tools, and as\n\t        \ta baseline for weakness identification, mitigation, and prevention efforts."
                        },
                        "url": "https://cwe.mitre.org/data/definitions/539.html",
                        "id": "539"
                    },
                    {
                        "shortDescription": "CookieManager Documentation",
                        "type": "URLExternalReference",
                        "referenceGroup": {
                            "name": "Android Developer Guide",
                            "description": "The Android developer guides, available at the <a target=\"_blank\" href=\"https://developer.android.com\">Android Developer Homepage</a>"
                        },
                        "url": "https://developer.android.com/reference/android/webkit/CookieManager#setAcceptFileSchemeCookies(boolean)"
                    }
                ]
            },
            {
                "id": 2892871,
                "type": "WebChromeClientAnalysis_PermissionRequestNoDeny",
                "location": {
                    "type": "CodeLocation",
                    "id": 0,
                    "loopID": null,
                    "dataflow": null,
                    "codeLocationType": "Method",
                    "className": "org.apache.cordova.engine.SystemWebChromeClient",
                    "memberName": "void onPermissionRequest(android.webkit.PermissionRequest)",
                    "statement": null,
                    "lineInIntermediateCode": 270,
                    "lineInOriginalCode": null
                },
                "additionalData": null,
                "dataflows": null,
                "libraryFinding": true,
                "severity": "MEDIUM",
                "category": "Network",
                "description": "The app uses the Chrome browser control to display web content. Through various HTML5 APIs, web sites can request\nsensitive data, such as the user's current location, from the browser. If the browser is part of an app, the app\nmust decide whether to grant such requests or not. This app does not perform any checks, and instead always grants\nall requested permissions. This is dangerous, because if an attacker manages to load untrusted JavaScript code inside\nthe browser control, he can again access to data outside of the browser and violate the user's privacy.",
                "mitigiation": "Always check permission requests from web content before granting them.",
                "title": "\n\nPermission Request Always Accepted in Chrome Client\n\n\t",
                "findingInformation": null,
                "verification": null,
                "references": []
            },
            {
                "id": 2892908,
                "type": "ApacheCordova_WildcardAllowNavigation",
                "location": {
                    "type": "FileLocation",
                    "filePath": "res/xml/config.xml",
                    "characterStart": 0,
                    "characterLength": 0
                },
                "additionalData": [
                    {
                        "name": "Navigation Target",
                        "data": "*",
                        "path": null
                    }
                ],
                "dataflows": null,
                "libraryFinding": null,
                "severity": "MEDIUM",
                "category": "Network",
                "description": "The app uses the Apache Cordova library to run content based on web technology (HTML and JavaScript).\nIn the Cordova configuration, the app allows this content to redirect to certain URLs. However, these URLs\nare not specified explicitly, but through wildcards. Consequently, the set of servers with which the app\ncan exchange data is not restricted. Therefore, the app might send sensitive data to untrusted locations\nor trust incomimg data from insecure sources. Even if such incoming data is not processed inside the app,\nit might still be displayed to misguide users.",
                "mitigiation": "Explicitly specify remote server URLs in the configuration file. Do not use wildcards.",
                "title": "\n\nNavigation to wildcards allowed in Cordova app\n\n\t",
                "findingInformation": null,
                "verification": null,
                "references": []
            }
        ],
        "informationFindings": [
            {
                "id": 2892870,
                "type": "ManifestAnalysis_AllowsBackup",
                "location": {
                    "type": "FileLocation",
                    "filePath": "AndroidManifest.xml",
                    "characterStart": 0,
                    "characterLength": 0
                },
                "additionalData": [],
                "dataflows": null,
                "libraryFinding": null
            },
            {
                "id": 2892917,
                "type": "ICCAnalysis_Intent",
                "location": {
                    "type": "CodeLocation",
                    "id": 0,
                    "loopID": null,
                    "dataflow": null,
                    "codeLocationType": "Statement",
                    "className": "org.apache.cordova.CordovaWebViewImpl",
                    "memberName": "void showWebPage(java.lang.String,boolean,boolean,java.util.Map)",
                    "statement": "virtualinvoke $Activity17.<android.app.Activity: void startActivity(android.content.Intent)>($Intent11)",
                    "lineInIntermediateCode": 882,
                    "lineInOriginalCode": 241
                },
                "additionalData": [
                    {
                        "name": "Intent",
                        "data": "Intent",
                        "path": {
                            "locations": [
                                {
                                    "type": "CodeLocation",
                                    "id": 2893007,
                                    "loopID": null,
                                    "dataflow": null,
                                    "codeLocationType": "Statement",
                                    "className": "org.apache.cordova.CordovaWebViewImpl$EngineClient",
                                    "memberName": "boolean onNavigationAttempt(java.lang.String)",
                                    "statement": "$boolean5 = virtualinvoke $PluginManager4.<org.apache.cordova.PluginManager: boolean shouldAllowNavigation(java.lang.String)>($param1)",
                                    "lineInIntermediateCode": 26,
                                    "lineInOriginalCode": 607
                                },
                                {
                                    "type": "CodeLocation",
                                    "id": 2893009,
                                    "loopID": 49611366,
                                    "dataflow": null,
                                    "codeLocationType": "Statement",
                                    "className": "org.apache.cordova.PluginManager",
                                    "memberName": "boolean shouldAllowNavigation(java.lang.String)",
                                    "statement": "$boolean6 = interfaceinvoke $Iterator5.<java.util.Iterator: boolean hasNext()>()",
                                    "lineInIntermediateCode": 225,
                                    "lineInOriginalCode": 382
                                },
                                {
                                    "type": "CodeLocation",
                                    "id": 2893012,
                                    "loopID": 49611366,
                                    "dataflow": null,
                                    "codeLocationType": "Statement",
                                    "className": "org.apache.cordova.PluginManager",
                                    "memberName": "boolean shouldAllowNavigation(java.lang.String)",
                                    "statement": "$Object7 = interfaceinvoke $Iterator5.<java.util.Iterator: java.lang.Object next()>()",
                                    "lineInIntermediateCode": 227,
                                    "lineInOriginalCode": 382
                                },
                                {
                                    "type": "CodeLocation",
                                    "id": 2893015,
                                    "loopID": 49611366,
                                    "dataflow": null,
                                    "codeLocationType": "Statement",
                                    "className": "org.apache.cordova.PluginManager",
                                    "memberName": "boolean shouldAllowNavigation(java.lang.String)",
                                    "statement": "$PluginEntry8 = (org.apache.cordova.PluginEntry) $Object7",
                                    "lineInIntermediateCode": 228,
                                    "lineInOriginalCode": 382
                                },
                                {
                                    "type": "CodeLocation",
                                    "id": 2893018,
                                    "loopID": 49611366,
                                    "dataflow": null,
                                    "codeLocationType": "Statement",
                                    "className": "org.apache.cordova.PluginManager",
                                    "memberName": "boolean shouldAllowNavigation(java.lang.String)",
                                    "statement": "$LinkedHashMap2 = this.<org.apache.cordova.PluginManager: java.util.LinkedHashMap pluginMap>",
                                    "lineInIntermediateCode": 229,
                                    "lineInOriginalCode": 383
                                },
                                {
                                    "type": "CodeLocation",
                                    "id": 2893021,
                                    "loopID": 49611366,
                                    "dataflow": null,
                                    "codeLocationType": "Statement",
                                    "className": "org.apache.cordova.PluginManager",
                                    "memberName": "boolean shouldAllowNavigation(java.lang.String)",
                                    "statement": "$String9 = $PluginEntry8.<org.apache.cordova.PluginEntry: java.lang.String service>",
                                    "lineInIntermediateCode": 230,
                                    "lineInOriginalCode": 383
                                },
                                {
                                    "type": "CodeLocation",
                                    "id": 2893024,
                                    "loopID": 49611366,
                                    "dataflow": null,
                                    "codeLocationType": "Statement",
                                    "className": "org.apache.cordova.PluginManager",
                                    "memberName": "boolean shouldAllowNavigation(java.lang.String)",
                                    "statement": "$Object7 = virtualinvoke $LinkedHashMap2.<java.util.LinkedHashMap: java.lang.Object get(java.lang.Object)>($String9)",
                                    "lineInIntermediateCode": 231,
                                    "lineInOriginalCode": 383
                                },
                                {
                                    "type": "CodeLocation",
                                    "id": 2893027,
                                    "loopID": null,
                                    "dataflow": null,
                                    "codeLocationType": "Statement",
                                    "className": "org.apache.cordova.PluginManager",
                                    "memberName": "boolean shouldAllowNavigation(java.lang.String)",
                                    "statement": "return $boolean6",
                                    "lineInIntermediateCode": 236,
                                    "lineInOriginalCode": 387
                                },
                                {
                                    "type": "CodeLocation",
                                    "id": 2893029,
                                    "loopID": null,
                                    "dataflow": null,
                                    "codeLocationType": "Statement",
                                    "className": "org.apache.cordova.CordovaWebViewImpl$EngineClient",
                                    "memberName": "boolean onNavigationAttempt(java.lang.String)",
                                    "statement": "$boolean5 = virtualinvoke $PluginManager4.<org.apache.cordova.PluginManager: boolean shouldAllowNavigation(java.lang.String)>($param1)",
                                    "lineInIntermediateCode": 26,
                                    "lineInOriginalCode": 607
                                },
                                {
                                    "type": "CodeLocation",
                                    "id": 2893031,
                                    "loopID": null,
                                    "dataflow": null,
                                    "codeLocationType": "Statement",
                                    "className": "org.apache.cordova.CordovaWebViewImpl$EngineClient",
                                    "memberName": "boolean onNavigationAttempt(java.lang.String)",
                                    "statement": "$CordovaWebViewImpl3 = this.<org.apache.cordova.CordovaWebViewImpl$EngineClient: org.apache.cordova.CordovaWebViewImpl this$0>",
                                    "lineInIntermediateCode": 31,
                                    "lineInOriginalCode": 609
                                },
                                {
                                    "type": "CodeLocation",
                                    "id": 2893033,
                                    "loopID": null,
                                    "dataflow": null,
                                    "codeLocationType": "Statement",
                                    "className": "org.apache.cordova.CordovaWebViewImpl$EngineClient",
                                    "memberName": "boolean onNavigationAttempt(java.lang.String)",
                                    "statement": "$PluginManager4 = staticinvoke <org.apache.cordova.CordovaWebViewImpl: org.apache.cordova.PluginManager access$000(org.apache.cordova.CordovaWebViewImpl)>($CordovaWebViewImpl3)",
                                    "lineInIntermediateCode": 32,
                                    "lineInOriginalCode": 609
                                },
                                {
                                    "type": "CodeLocation",
                                    "id": 2893035,
                                    "loopID": null,
                                    "dataflow": null,
                                    "codeLocationType": "Statement",
                                    "className": "org.apache.cordova.CordovaWebViewImpl",
                                    "memberName": "org.apache.cordova.PluginManager access$000(org.apache.cordova.CordovaWebViewImpl)",
                                    "statement": "$PluginManager2 = $param1.<org.apache.cordova.CordovaWebViewImpl: org.apache.cordova.PluginManager pluginManager>",
                                    "lineInIntermediateCode": 284,
                                    "lineInOriginalCode": 47
                                },
                                {
                                    "type": "CodeLocation",
                                    "id": 2893037,
                                    "loopID": null,
                                    "dataflow": null,
                                    "codeLocationType": "Statement",
                                    "className": "org.apache.cordova.CordovaWebViewImpl",
                                    "memberName": "org.apache.cordova.PluginManager access$000(org.apache.cordova.CordovaWebViewImpl)",
                                    "statement": "return $PluginManager2",
                                    "lineInIntermediateCode": 284,
                                    "lineInOriginalCode": 47
                                },
                                {
                                    "type": "CodeLocation",
                                    "id": 2893039,
                                    "loopID": null,
                                    "dataflow": null,
                                    "codeLocationType": "Statement",
                                    "className": "org.apache.cordova.CordovaWebViewImpl$EngineClient",
                                    "memberName": "boolean onNavigationAttempt(java.lang.String)",
                                    "statement": "$PluginManager4 = staticinvoke <org.apache.cordova.CordovaWebViewImpl: org.apache.cordova.PluginManager access$000(org.apache.cordova.CordovaWebViewImpl)>($CordovaWebViewImpl3)",
                                    "lineInIntermediateCode": 32,
                                    "lineInOriginalCode": 609
                                },
                                {
                                    "type": "CodeLocation",
                                    "id": 2893041,
                                    "loopID": null,
                                    "dataflow": null,
                                    "codeLocationType": "Statement",
                                    "className": "org.apache.cordova.CordovaWebViewImpl$EngineClient",
                                    "memberName": "boolean onNavigationAttempt(java.lang.String)",
                                    "statement": "$Boolean6 = virtualinvoke $PluginManager4.<org.apache.cordova.PluginManager: java.lang.Boolean shouldOpenExternalUrl(java.lang.String)>($param1)",
                                    "lineInIntermediateCode": 33,
                                    "lineInOriginalCode": 609
                                },
                                {
                                    "type": "CodeLocation",
                                    "id": 2893043,
                                    "loopID": null,
                                    "dataflow": null,
                                    "codeLocationType": "Statement",
                                    "className": "org.apache.cordova.PluginManager",
                                    "memberName": "java.lang.Boolean shouldOpenExternalUrl(java.lang.String)",
                                    "statement": "$LinkedHashMap2 = this.<org.apache.cordova.PluginManager: java.util.LinkedHashMap entryMap>",
                                    "lineInIntermediateCode": 324,
                                    "lineInOriginalCode": 428
                                },
                                {
                                    "type": "CodeLocation",
                                    "id": 2893045,
                                    "loopID": null,
                                    "dataflow": null,
                                    "codeLocationType": "Statement",
                                    "className": "org.apache.cordova.PluginManager",
                                    "memberName": "java.lang.Boolean shouldOpenExternalUrl(java.lang.String)",
                                    "statement": "$Collection4 = virtualinvoke $LinkedHashMap2.<java.util.LinkedHashMap: java.util.Collection values()>()",
                                    "lineInIntermediateCode": 325,
                                    "lineInOriginalCode": 428
                                },
                                {
                                    "type": "CodeLocation",
                                    "id": 2893047,
                                    "loopID": null,
                                    "dataflow": null,
                                    "codeLocationType": "Statement",
                                    "className": "org.apache.cordova.PluginManager",
                                    "memberName": "java.lang.Boolean shouldOpenExternalUrl(java.lang.String)",
                                    "statement": "$Iterator5 = interfaceinvoke $Collection4.<java.util.Collection: java.util.Iterator iterator()>()",
                                    "lineInIntermediateCode": 326,
                                    "lineInOriginalCode": 428
                                },
                                {
                                    "type": "CodeLocation",
                                    "id": 2893049,
                                    "loopID": 49611367,
                                    "dataflow": null,
                                    "codeLocationType": "Statement",
                                    "className": "org.apache.cordova.PluginManager",
                                    "memberName": "java.lang.Boolean shouldOpenExternalUrl(java.lang.String)",
                                    "statement": "$boolean6 = interfaceinvoke $Iterator5.<java.util.Iterator: boolean hasNext()>()",
                                    "lineInIntermediateCode": 329,
                                    "lineInOriginalCode": 428
                                },
                                {
                                    "type": "CodeLocation",
                                    "id": 2893052,
                                    "loopID": 49611367,
                                    "dataflow": null,
                                    "codeLocationType": "Statement",
                                    "className": "org.apache.cordova.PluginManager",
                                    "memberName": "java.lang.Boolean shouldOpenExternalUrl(java.lang.String)",
                                    "statement": "if $boolean6 == 0 goto $Boolean11 = staticinvoke <java.lang.Boolean: java.lang.Boolean valueOf(boolean)>(false)",
                                    "lineInIntermediateCode": 330,
                                    "lineInOriginalCode": null
                                },
                                {
                                    "type": "CodeLocation",
                                    "id": 2893055,
                                    "loopID": null,
                                    "dataflow": null,
                                    "codeLocationType": "Statement",
                                    "className": "org.apache.cordova.PluginManager",
                                    "memberName": "java.lang.Boolean shouldOpenExternalUrl(java.lang.String)",
                                    "statement": "return $Boolean11",
                                    "lineInIntermediateCode": 343,
                                    "lineInOriginalCode": 439
                                },
                                {
                                    "type": "CodeLocation",
                                    "id": 2893057,
                                    "loopID": null,
                                    "dataflow": null,
                                    "codeLocationType": "Statement",
                                    "className": "org.apache.cordova.CordovaWebViewImpl$EngineClient",
                                    "memberName": "boolean onNavigationAttempt(java.lang.String)",
                                    "statement": "$Boolean6 = virtualinvoke $PluginManager4.<org.apache.cordova.PluginManager: java.lang.Boolean shouldOpenExternalUrl(java.lang.String)>($param1)",
                                    "lineInIntermediateCode": 33,
                                    "lineInOriginalCode": 609
                                },
                                {
                                    "type": "CodeLocation",
                                    "id": 2893059,
                                    "loopID": null,
                                    "dataflow": null,
                                    "codeLocationType": "Statement",
                                    "className": "org.apache.cordova.CordovaWebViewImpl$EngineClient",
                                    "memberName": "boolean onNavigationAttempt(java.lang.String)",
                                    "statement": "$CordovaWebViewImpl3 = this.<org.apache.cordova.CordovaWebViewImpl$EngineClient: org.apache.cordova.CordovaWebViewImpl this$0>",
                                    "lineInIntermediateCode": 36,
                                    "lineInOriginalCode": 610
                                },
                                {
                                    "type": "CodeLocation",
                                    "id": 2893061,
                                    "loopID": null,
                                    "dataflow": null,
                                    "codeLocationType": "Statement",
                                    "className": "org.apache.cordova.CordovaWebViewImpl$EngineClient",
                                    "memberName": "boolean onNavigationAttempt(java.lang.String)",
                                    "statement": "virtualinvoke $CordovaWebViewImpl3.<org.apache.cordova.CordovaWebViewImpl: void showWebPage(java.lang.String,boolean,boolean,java.util.Map)>($param1, true, false, null)",
                                    "lineInIntermediateCode": 37,
                                    "lineInOriginalCode": 610
                                },
                                {
                                    "type": "CodeLocation",
                                    "id": 2893063,
                                    "loopID": null,
                                    "dataflow": null,
                                    "codeLocationType": "Statement",
                                    "className": "org.apache.cordova.CordovaWebViewImpl",
                                    "memberName": "void showWebPage(java.lang.String,boolean,boolean,java.util.Map)",
                                    "statement": "$Intent11 = new android.content.Intent",
                                    "lineInIntermediateCode": 849,
                                    "lineInOriginalCode": 230
                                },
                                {
                                    "type": "CodeLocation",
                                    "id": 2893065,
                                    "loopID": null,
                                    "dataflow": null,
                                    "codeLocationType": "Statement",
                                    "className": "org.apache.cordova.CordovaWebViewImpl",
                                    "memberName": "void showWebPage(java.lang.String,boolean,boolean,java.util.Map)",
                                    "statement": "specialinvoke $Intent11.<android.content.Intent: void <init>(java.lang.String)>(\"android.intent.action.VIEW\")",
                                    "lineInIntermediateCode": 852,
                                    "lineInOriginalCode": 230
                                },
                                {
                                    "type": "CodeLocation",
                                    "id": 2893067,
                                    "loopID": null,
                                    "dataflow": null,
                                    "codeLocationType": "Statement",
                                    "className": "org.apache.cordova.CordovaWebViewImpl",
                                    "memberName": "void showWebPage(java.lang.String,boolean,boolean,java.util.Map)",
                                    "statement": "virtualinvoke $Intent11.<android.content.Intent: android.content.Intent addCategory(java.lang.String)>(\"android.intent.category.BROWSABLE\")",
                                    "lineInIntermediateCode": 853,
                                    "lineInOriginalCode": 232
                                },
                                {
                                    "type": "CodeLocation",
                                    "id": 2893069,
                                    "loopID": null,
                                    "dataflow": null,
                                    "codeLocationType": "Statement",
                                    "className": "org.apache.cordova.CordovaWebViewImpl",
                                    "memberName": "void showWebPage(java.lang.String,boolean,boolean,java.util.Map)",
                                    "statement": "$Uri12 = staticinvoke <android.net.Uri: android.net.Uri parse(java.lang.String)>($param1)",
                                    "lineInIntermediateCode": 854,
                                    "lineInOriginalCode": 233
                                },
                                {
                                    "type": "CodeLocation",
                                    "id": 2893071,
                                    "loopID": null,
                                    "dataflow": null,
                                    "codeLocationType": "Statement",
                                    "className": "org.apache.cordova.CordovaWebViewImpl",
                                    "memberName": "void showWebPage(java.lang.String,boolean,boolean,java.util.Map)",
                                    "statement": "virtualinvoke $Intent11.<android.content.Intent: android.content.Intent setData(android.net.Uri)>($Uri12)",
                                    "lineInIntermediateCode": 875,
                                    "lineInOriginalCode": 239
                                },
                                {
                                    "type": "CodeLocation",
                                    "id": 2893073,
                                    "loopID": null,
                                    "dataflow": null,
                                    "codeLocationType": "Statement",
                                    "className": "org.apache.cordova.CordovaWebViewImpl",
                                    "memberName": "void showWebPage(java.lang.String,boolean,boolean,java.util.Map)",
                                    "statement": "virtualinvoke $Activity17.<android.app.Activity: void startActivity(android.content.Intent)>($Intent11)",
                                    "lineInIntermediateCode": 882,
                                    "lineInOriginalCode": 241
                                }
                            ]
                        },
                        "intent": {
                            "action": "android.intent.action.VIEW",
                            "data": null,
                            "targetClass": null,
                            "categories": [
                                "android.intent.category.BROWSABLE"
                            ],
                            "mimeType": null,
                            "extras": null,
                            "flags": 0,
                            "packageName": null,
                            "selector": null,
                            "toString": "Intent { act=android.intent.action.VIEW cat=[android.intent.category.BROWSABLE] }"
                        },
                        "targets": null,
                        "componentType": "Activity"
                    }
                ],
                "dataflows": null,
                "libraryFinding": null
            }
        ],
        "communications": null,
        "residualData": null,
        "usedLibraries": [
            {
                "id": 2892905,
                "name": "Scala Native nativelib",
                "type": "UsedMavenLibrary",
                "location": {
                    "type": "CodeLocation",
                    "id": 0,
                    "loopID": null,
                    "dataflow": null,
                    "codeLocationType": "Class",
                    "className": "java.net.ContentHandler",
                    "memberName": null,
                    "statement": null,
                    "lineInIntermediateCode": null,
                    "lineInOriginalCode": null
                },
                "version": null,
                "latestKnownVersion": null,
                "versionCertainty": 0,
                "cveInformation": null,
                "licenses": [],
                "mavenArtifactId": "nativelib_native0.3_2.11",
                "mavenGroupId": "org.scala-native"
            },
            {
                "id": 2892902,
                "name": "org.osgi.core",
                "type": "UsedMavenLibrary",
                "location": {
                    "type": "CodeLocation",
                    "id": 0,
                    "loopID": null,
                    "dataflow": null,
                    "codeLocationType": "Class",
                    "className": "org.osgi.framework.Bundle",
                    "memberName": null,
                    "statement": null,
                    "lineInIntermediateCode": null,
                    "lineInOriginalCode": null
                },
                "version": null,
                "latestKnownVersion": null,
                "versionCertainty": 0,
                "cveInformation": null,
                "licenses": [],
                "mavenArtifactId": "org.osgi.core",
                "mavenGroupId": "org.osgi"
            },
            {
                "id": 2892899,
                "name": "JSON in Java",
                "type": "UsedMavenLibrary",
                "location": {
                    "type": "CodeLocation",
                    "id": 0,
                    "loopID": null,
                    "dataflow": null,
                    "codeLocationType": "Class",
                    "className": "org.json.JSONArray",
                    "memberName": null,
                    "statement": null,
                    "lineInIntermediateCode": null,
                    "lineInOriginalCode": null
                },
                "version": null,
                "latestKnownVersion": null,
                "versionCertainty": 0,
                "cveInformation": null,
                "licenses": [],
                "mavenArtifactId": "json",
                "mavenGroupId": "org.json"
            },
            {
                "id": 2892903,
                "name": "Apache HttpClient",
                "type": "UsedMavenLibrary",
                "location": {
                    "type": "CodeLocation",
                    "id": 0,
                    "loopID": null,
                    "dataflow": null,
                    "codeLocationType": "Class",
                    "className": "org.apache.http.impl.client.CloseableHttpClient",
                    "memberName": null,
                    "statement": null,
                    "lineInIntermediateCode": null,
                    "lineInOriginalCode": null
                },
                "version": null,
                "latestKnownVersion": null,
                "versionCertainty": 0,
                "cveInformation": null,
                "licenses": [],
                "mavenArtifactId": "httpclient",
                "mavenGroupId": "org.apache.httpcomponents"
            },
            {
                "id": 2892895,
                "name": "Google Android Library Test Framework",
                "type": "UsedMavenLibrary",
                "location": {
                    "type": "CodeLocation",
                    "id": 0,
                    "loopID": null,
                    "dataflow": null,
                    "codeLocationType": "Class",
                    "className": "android.test.IsolatedContext",
                    "memberName": null,
                    "statement": null,
                    "lineInIntermediateCode": null,
                    "lineInOriginalCode": null
                },
                "version": null,
                "latestKnownVersion": null,
                "versionCertainty": 0,
                "cveInformation": null,
                "licenses": [],
                "mavenArtifactId": "android-test",
                "mavenGroupId": "com.google.android"
            },
            {
                "id": 2892906,
                "name": "RoboVM Runtime Library",
                "type": "UsedMavenLibrary",
                "location": {
                    "type": "CodeLocation",
                    "id": 0,
                    "loopID": null,
                    "dataflow": null,
                    "codeLocationType": "Class",
                    "className": "java.security.PrivateKey",
                    "memberName": null,
                    "statement": null,
                    "lineInIntermediateCode": null,
                    "lineInOriginalCode": null
                },
                "version": null,
                "latestKnownVersion": null,
                "versionCertainty": 0,
                "cveInformation": null,
                "licenses": [],
                "mavenArtifactId": "robovm-rt",
                "mavenGroupId": "com.mobidevelop.robovm"
            },
            {
                "id": 2892907,
                "name": "JCStress Harness Core",
                "type": "UsedMavenLibrary",
                "location": {
                    "type": "CodeLocation",
                    "id": 0,
                    "loopID": null,
                    "dataflow": null,
                    "codeLocationType": "Class",
                    "className": "sun.misc.Unsafe",
                    "memberName": null,
                    "statement": null,
                    "lineInIntermediateCode": null,
                    "lineInOriginalCode": null
                },
                "version": null,
                "latestKnownVersion": null,
                "versionCertainty": 0,
                "cveInformation": null,
                "licenses": [],
                "mavenArtifactId": "jcstress-core",
                "mavenGroupId": "org.openjdk.jcstress"
            },
            {
                "id": 2892890,
                "name": "Apache Commons Lang",
                "type": "UsedMavenLibrary",
                "location": {
                    "type": "CodeLocation",
                    "id": 0,
                    "loopID": null,
                    "dataflow": null,
                    "codeLocationType": "Class",
                    "className": "org.apache.commons.lang3.StringUtils",
                    "memberName": null,
                    "statement": null,
                    "lineInIntermediateCode": null,
                    "lineInOriginalCode": null
                },
                "version": null,
                "latestKnownVersion": null,
                "versionCertainty": 0,
                "cveInformation": null,
                "licenses": [],
                "mavenArtifactId": "commons-lang3",
                "mavenGroupId": "org.apache.commons"
            },
            {
                "id": 2892898,
                "name": "Google Android Library",
                "type": "UsedMavenLibrary",
                "location": {
                    "type": "CodeLocation",
                    "id": 0,
                    "loopID": null,
                    "dataflow": null,
                    "codeLocationType": "Class",
                    "className": "android.content.SyncRequest$Builder",
                    "memberName": null,
                    "statement": null,
                    "lineInIntermediateCode": null,
                    "lineInOriginalCode": null
                },
                "version": null,
                "latestKnownVersion": null,
                "versionCertainty": 0,
                "cveInformation": null,
                "licenses": [],
                "mavenArtifactId": "android",
                "mavenGroupId": "com.google.android"
            },
            {
                "id": 2892893,
                "name": "Annotated JDK 8",
                "type": "UsedMavenLibrary",
                "location": {
                    "type": "CodeLocation",
                    "id": 0,
                    "loopID": null,
                    "dataflow": null,
                    "codeLocationType": "Class",
                    "className": "java.util.function.IntSupplier",
                    "memberName": null,
                    "statement": null,
                    "lineInIntermediateCode": null,
                    "lineInOriginalCode": null
                },
                "version": null,
                "latestKnownVersion": null,
                "versionCertainty": 0,
                "cveInformation": null,
                "licenses": [],
                "mavenArtifactId": "jdk8",
                "mavenGroupId": "org.checkerframework"
            },
            {
                "id": 2892894,
                "name": "AspectJ tools",
                "type": "UsedMavenLibrary",
                "location": {
                    "type": "CodeLocation",
                    "id": 0,
                    "loopID": null,
                    "dataflow": null,
                    "codeLocationType": "Class",
                    "className": "org.eclipse.core.runtime.Plugin",
                    "memberName": null,
                    "statement": null,
                    "lineInIntermediateCode": null,
                    "lineInOriginalCode": null
                },
                "version": null,
                "latestKnownVersion": null,
                "versionCertainty": 0,
                "cveInformation": null,
                "licenses": [],
                "mavenArtifactId": "aspectjtools",
                "mavenGroupId": "org.aspectj"
            },
            {
                "id": 2892904,
                "name": "com.android.support.test:exposed-instrumentation-api-publish",
                "type": "UsedMavenLibrary",
                "location": {
                    "type": "CodeLocation",
                    "id": 0,
                    "loopID": null,
                    "dataflow": null,
                    "codeLocationType": "Class",
                    "className": "android.app.Notification$Extender",
                    "memberName": null,
                    "statement": null,
                    "lineInIntermediateCode": null,
                    "lineInOriginalCode": null
                },
                "version": null,
                "latestKnownVersion": null,
                "versionCertainty": 0,
                "cveInformation": null,
                "licenses": [],
                "mavenArtifactId": "exposed-instrumentation-api-publish",
                "mavenGroupId": "com.android.support.test"
            },
            {
                "id": 2892892,
                "name": "scala-java-time",
                "type": "UsedMavenLibrary",
                "location": {
                    "type": "CodeLocation",
                    "id": 0,
                    "loopID": null,
                    "dataflow": null,
                    "codeLocationType": "Class",
                    "className": "java.time.Clock",
                    "memberName": null,
                    "statement": null,
                    "lineInIntermediateCode": null,
                    "lineInOriginalCode": null
                },
                "version": null,
                "latestKnownVersion": null,
                "versionCertainty": 0,
                "cveInformation": null,
                "licenses": [],
                "mavenArtifactId": "scala-java-time_sjs0.6_2.12",
                "mavenGroupId": "io.github.cquiroz"
            },
            {
                "id": 2892897,
                "name": "MXP1: Xml Pull Parser 3rd Edition (XPP3)",
                "type": "UsedMavenLibrary",
                "location": {
                    "type": "CodeLocation",
                    "id": 0,
                    "loopID": null,
                    "dataflow": null,
                    "codeLocationType": "Class",
                    "className": "org.xmlpull.v1.XmlPullParserException",
                    "memberName": null,
                    "statement": null,
                    "lineInIntermediateCode": null,
                    "lineInOriginalCode": null
                },
                "version": null,
                "latestKnownVersion": null,
                "versionCertainty": 0,
                "cveInformation": null,
                "licenses": [],
                "mavenArtifactId": "xpp3",
                "mavenGroupId": "xpp3"
            },
            {
                "id": 2892891,
                "name": "Google Android android-all Library",
                "type": "UsedMavenLibrary",
                "location": {
                    "type": "CodeLocation",
                    "id": 0,
                    "loopID": null,
                    "dataflow": null,
                    "codeLocationType": "Class",
                    "className": "android.service.quicksettings.TileService",
                    "memberName": null,
                    "statement": null,
                    "lineInIntermediateCode": null,
                    "lineInOriginalCode": null
                },
                "version": null,
                "latestKnownVersion": null,
                "versionCertainty": 0,
                "cveInformation": null,
                "licenses": [],
                "mavenArtifactId": "android-all",
                "mavenGroupId": "org.robolectric"
            },
            {
                "id": 2892896,
                "name": "Apache HttpCore",
                "type": "UsedMavenLibrary",
                "location": {
                    "type": "CodeLocation",
                    "id": 0,
                    "loopID": null,
                    "dataflow": null,
                    "codeLocationType": "Class",
                    "className": "org.apache.http.ssl.TrustStrategy",
                    "memberName": null,
                    "statement": null,
                    "lineInIntermediateCode": null,
                    "lineInOriginalCode": null
                },
                "version": null,
                "latestKnownVersion": null,
                "versionCertainty": 0,
                "cveInformation": null,
                "licenses": [],
                "mavenArtifactId": "httpcore",
                "mavenGroupId": "org.apache.httpcomponents"
            },
            {
                "id": 2892901,
                "name": "com.android.support:multidex",
                "type": "UsedMavenLibrary",
                "location": {
                    "type": "CodeLocation",
                    "id": 0,
                    "loopID": null,
                    "dataflow": null,
                    "codeLocationType": "Class",
                    "className": "android.support.multidex.MultiDexExtractor$1",
                    "memberName": null,
                    "statement": null,
                    "lineInIntermediateCode": null,
                    "lineInOriginalCode": null
                },
                "version": null,
                "latestKnownVersion": null,
                "versionCertainty": 0,
                "cveInformation": null,
                "licenses": [],
                "mavenArtifactId": "multidex",
                "mavenGroupId": "com.android.support"
            },
            {
                "id": 2892900,
                "name": "androidx.annotation:annotation",
                "type": "UsedMavenLibrary",
                "location": {
                    "type": "CodeLocation",
                    "id": 0,
                    "loopID": null,
                    "dataflow": null,
                    "codeLocationType": "Class",
                    "className": "androidx.annotation.RecentlyNonNull",
                    "memberName": null,
                    "statement": null,
                    "lineInIntermediateCode": null,
                    "lineInOriginalCode": null
                },
                "version": null,
                "latestKnownVersion": null,
                "versionCertainty": 0,
                "cveInformation": null,
                "licenses": [],
                "mavenArtifactId": "annotation",
                "mavenGroupId": "androidx.annotation"
            }
        ]
    },
    "analysisServerVersion": "1.12.0 Development",
    "analysisServerDate": "27/01/2023 10:01",
    "mayDelete": true,
    "mayAbort": false,
    "mayModify": true,
    "isFailed": false,
    "isFinished": true,
    "reanalyzedJobId": -1,
    "isDynamicAnalysisRun": false
}